ID,Title,Content,Excerpt,Date,"Post Type",Permalink,"WPML Translation ID","WPML Language Code","Parent Product ID",Sku,Price,"Regular Price","Sale Price","Stock Status",Stock,"External Product URL","Total Sales","Attribute Name (pa_aantal_kg)","Attribute Value (pa_aantal_kg)","Attribute In Variations (pa_aantal_kg)","Attribute Is Visible (pa_aantal_kg)","Attribute Is Taxonomy (pa_aantal_kg)","Attribute Name (pa_aantalkg)","Attribute Value (pa_aantalkg)","Attribute In Variations (pa_aantalkg)","Attribute Is Visible (pa_aantalkg)","Attribute Is Taxonomy (pa_aantalkg)","Attribute Name (pa_color)","Attribute Value (pa_color)","Attribute In Variations (pa_color)","Attribute Is Visible (pa_color)","Attribute Is Taxonomy (pa_color)","Attribute Name (pa_maat)","Attribute Value (pa_maat)","Attribute In Variations (pa_maat)","Attribute Is Visible (pa_maat)","Attribute Is Taxonomy (pa_maat)","Attribute Name (pa_merk)","Attribute Value (pa_merk)","Attribute In Variations (pa_merk)","Attribute Is Visible (pa_merk)","Attribute Is Taxonomy (pa_merk)","Shipping Class","Product Visibility",URL,Title,Caption,Description,"Alt Text",Featured,URL,"Product Type",Tags,Productcategorieën,Producttags,Status,"Author ID","Author Username","Author Email","Author First Name","Author Last Name",Slug,Format,Template,"Parent Slug",Order,"Comment Status","Ping Status","Post Modified Date",Downloadable,Virtual,"Purchase Note",Featured,Weight,Length,Width,Height,"Sale Price Dates From","Sale Price Dates To","Sold Individually","Manage Stock",Up-Sells,Cross-Sells,"Downloadable Files Paths","Downloadable Files Names","Download Limit","Download Expiry","Download Type","Button Text",Backorders,"Tax Status","Tax Class","Product Image Gallery","Default Attributes","Product Attributes","Product Version","Variation Description","Wc Rating Count","Wc Review Count","Wc Average Rating",Address,"Address 2",Town/City,State,ZIP,"Daycare Owner","Daycare Staff",Daycare,"Daycare Staff",Parent,"Parent Extra","What you need","DNA content",Daycare(s),"Business user","VAT number"
118,"Dotties Maat 3","<p>Dotties Sensitive luiers Maat 3 (4-9kg) is dé gezonde luier tegen huismerkprijs! Dotties Sensitive luiers (34 stuks) bevatten 0% parabenen 0% chlorine 0% kleurstoffen 0% lotion 0% parfum Geen onnodige toevoegingen maar wel 100% comfort en kwaliteit. Dotties Sensitive luiers zijn huidvriendelijk en geschikt voor een zeer gevoelige babyhuid. Ze zijn hypoallergeen, Ph neutraal en dermatologisch getest. De luiers zijn gemaakt van zorgvuldig geselecteerde grondstoffen van verantwoorde afkomst en het productieafval wordt maximaal hergebruikt. De babyluiers geven de gevoelige babyhuid maximale bescherming gedurende 12u.</p>",<p>Luiers</p>,20180620,product,https://www.wingparent.be/product/dotties-maat-3/,176,nl,0,"Luiers Dotties Maat 3",4.54,4.54,,instock,184,,8,"Aantal kg",,no,no,no,aantalkg,4-9kg,yes,yes,yes,Color,,no,no,no,Maat,3,yes,yes,yes,Merk,Dotties,yes,yes,yes,,visible,https://www.wingparent.be/wp-content/uploads/2018/06/Dotties-maat-3.png|https://www.wingparent.be/wp-content/uploads/2018/06/Picture1.png|https://www.wingparent.be/wp-content/uploads/2018/06/Picture2.png|https://www.wingparent.be/wp-content/uploads/2018/06/Dotties-maat-3-1.png,Dotties-maat-3|Picture1|Picture2|Dotties-maat-3,|||,|||,|||,https://www.wingparent.be/wp-content/uploads/2018/06/Dotties-maat-3.png,,simple,featured,Verzorging>Luiers,,publish,1,wpadmin,karen@leonfurrow.com,Daniela,ddd,dotties-maat-3,,default,0,0,closed,closed,20180622,no,no,,yes,,,,,,,,yes,,,,,-1,-1,,,yes,taxable,21%VAT,"125,126,",a:0:{},"a:3:{s:7:""pa_merk"";a:6:{s:4:""name"";s:7:""pa_merk"";s:5:""value"";s:0:"""";s:8:""position"";i:0;s:10:""is_visible"";i:1;s:12:""is_variation"";i:1;s:11:""is_taxonomy"";i:1;}s:7:""pa_maat"";a:6:{s:4:""name"";s:7:""pa_maat"";s:5:""value"";s:0:"""";s:8:""position"";i:1;s:10:""is_visible"";i:1;s:12:""is_variation"";i:1;s:11:""is_taxonomy"";i:1;}s:11:""pa_aantalkg"";a:6:{s:4:""name"";s:11:""pa_aantalkg"";s:5:""value"";s:0:"""";s:8:""position"";i:2;s:10:""is_visible"";i:1;s:12:""is_variation"";i:1;s:11:""is_taxonomy"";i:1;}}",3.4.2,,a:0:{},0,0,,,,,,,,4,4.3,4.54,3.4,,,,,
119,"Dotties Maat 4","<p>Dotties Sensitive luiers Maat 4 (7-18kg) is dé gezonde luier tegen huismerkprijs! Dotties Sensitive luiers (32 stuks) bevatten 0% parabenen 0% chlorine 0% kleurstoffen 0% lotion 0% parfum Geen onnodige toevoegingen maar wel 100% comfort en kwaliteit. Dotties Sensitive luiers zijn huidvriendelijk en geschikt voor een zeer gevoelige babyhuid. Ze zijn hypoallergeen, Ph neutraal en dermatologisch getest. De luiers zijn gemaakt van zorgvuldig geselecteerde grondstoffen van verantwoorde afkomst en het productieafval wordt maximaal hergebruikt. De babyluiers geven de gevoelige babyhuid maximale bescherming gedurende 12u.</p>",<p>Luiers</p>,20180620,product,https://www.wingparent.be/product/dotties-maat-4/,177,nl,0,"Luiers Dotties Maat 4",4.54,4.54,,instock,166,,2,"Aantal kg",,no,no,no,aantalkg,7-18kg,yes,yes,yes,Color,,no,no,no,Maat,4,yes,yes,yes,Merk,Dotties,yes,yes,yes,,visible,https://www.wingparent.be/wp-content/uploads/2018/06/Dotties-maat-4-1.png|https://www.wingparent.be/wp-content/uploads/2018/06/Picture1.png|https://www.wingparent.be/wp-content/uploads/2018/06/Picture2.png|https://www.wingparent.be/wp-content/uploads/2018/06/Dotties-maat-4.png,Dotties-maat-4|Picture1|Picture2|Dotties-maat-4,|||,|||,|||,https://www.wingparent.be/wp-content/uploads/2018/06/Dotties-maat-4-1.png,,simple,featured,Verzorging>Luiers,,publish,1,wpadmin,karen@leonfurrow.com,Daniela,ddd,dotties-maat-4,,default,0,0,closed,closed,20180622,no,no,,yes,,,,,,,,yes,,,,,-1,-1,,,yes,taxable,21%VAT,"125,126,",a:0:{},"a:3:{s:7:""pa_merk"";a:6:{s:4:""name"";s:7:""pa_merk"";s:5:""value"";s:0:"""";s:8:""position"";i:0;s:10:""is_visible"";i:1;s:12:""is_variation"";i:1;s:11:""is_taxonomy"";i:1;}s:7:""pa_maat"";a:6:{s:4:""name"";s:7:""pa_maat"";s:5:""value"";s:0:"""";s:8:""position"";i:1;s:10:""is_visible"";i:1;s:12:""is_variation"";i:1;s:11:""is_taxonomy"";i:1;}s:11:""pa_aantalkg"";a:6:{s:4:""name"";s:11:""pa_aantalkg"";s:5:""value"";s:0:"""";s:8:""position"";i:2;s:10:""is_visible"";i:1;s:12:""is_variation"";i:1;s:11:""is_taxonomy"";i:1;}}",3.4.2,,a:0:{},0,0,,,,,,,,4,4.3,4.54,3.4,,,,,
120,"Dotties Maat 4+","<p>Dotties Sensitive luiers Maat 4+ (7-20kg) is dé gezonde luier tegen huismerkprijs! Dotties Sensitive luiers (30 stuks) bevatten 0% parabenen 0% chlorine 0% kleurstoffen 0% lotion 0% parfum Geen onnodige toevoegingen maar wel 100% comfort en kwaliteit. Dotties Sensitive luiers zijn huidvriendelijk en geschikt voor een zeer gevoelige babyhuid. Ze zijn hypoallergeen, Ph neutraal en dermatologisch getest. De luiers zijn gemaakt van zorgvuldig geselecteerde grondstoffen van verantwoorde afkomst en het productieafval wordt maximaal hergebruikt. De babyluiers geven de gevoelige babyhuid maximale bescherming gedurende 12u.</p>",<p>Luiers</p>,20180620,product,https://www.wingparent.be/product/dotties-maat-4-2/,178,nl,0,"Luiers Dotties Maat 4+",4.54,4.54,,instock,167,,1,"Aantal kg",,no,no,no,aantalkg,7-20kg,yes,yes,yes,Color,,no,no,no,Maat,4,yes,yes,yes,Merk,Dotties,yes,yes,yes,,visible,https://www.wingparent.be/wp-content/uploads/2018/06/Dotties-maat-4-2.png|https://www.wingparent.be/wp-content/uploads/2018/06/Picture1.png|https://www.wingparent.be/wp-content/uploads/2018/06/Picture2.png,Dotties-maat-4+|Picture1|Picture2,||,||,||,https://www.wingparent.be/wp-content/uploads/2018/06/Dotties-maat-4-2.png,,simple,featured,Verzorging>Luiers,,publish,1,wpadmin,karen@leonfurrow.com,Daniela,ddd,dotties-maat-4-2,,default,0,0,closed,closed,20180622,no,no,,yes,,,,,,,,yes,,,,,-1,-1,,,yes,taxable,21%VAT,"125,126,",a:0:{},"a:3:{s:7:""pa_merk"";a:6:{s:4:""name"";s:7:""pa_merk"";s:5:""value"";s:0:"""";s:8:""position"";i:0;s:10:""is_visible"";i:1;s:12:""is_variation"";i:1;s:11:""is_taxonomy"";i:1;}s:7:""pa_maat"";a:6:{s:4:""name"";s:7:""pa_maat"";s:5:""value"";s:0:"""";s:8:""position"";i:1;s:10:""is_visible"";i:1;s:12:""is_variation"";i:1;s:11:""is_taxonomy"";i:1;}s:11:""pa_aantalkg"";a:6:{s:4:""name"";s:11:""pa_aantalkg"";s:5:""value"";s:0:"""";s:8:""position"";i:2;s:10:""is_visible"";i:1;s:12:""is_variation"";i:1;s:11:""is_taxonomy"";i:1;}}",3.4.2,,a:0:{},0,0,,,,,,,,4,4.3,4.54,3.4,,,,,
121,"Dotties Maat 5","<p>Dotties Sensitive luiers Maat 5 (12-25kg) is dé gezonde luier tegen huismerkprijs! Dotties Sensitive luiers (28 stuks) bevatten 0% parabenen 0% chlorine 0% kleurstoffen 0% lotion 0% parfum Geen onnodige toevoegingen maar wel 100% comfort en kwaliteit. Dotties Sensitive luiers zijn huidvriendelijk en geschikt voor een zeer gevoelige babyhuid. Ze zijn hypoallergeen, Ph neutraal en dermatologisch getest. De luiers zijn gemaakt van zorgvuldig geselecteerde grondstoffen van verantwoorde afkomst en het productieafval wordt maximaal hergebruikt. De babyluiers geven de gevoelige babyhuid maximale bescherming gedurende 12u.</p>",<p>Luiers</p>,20180620,product,https://www.wingparent.be/product/dotties-maat-5/,179,nl,0,"Luiers Dotties Maat 5",4.54,4.54,,instock,143,,1,"Aantal kg",,no,no,no,aantalkg,12-25kg,yes,yes,yes,Color,,no,no,no,Maat,5,yes,yes,yes,Merk,Dotties,yes,yes,yes,,visible,https://www.wingparent.be/wp-content/uploads/2018/06/Dotties-maat-5.png|https://www.wingparent.be/wp-content/uploads/2018/06/Picture1.png|https://www.wingparent.be/wp-content/uploads/2018/06/Picture2.png|https://www.wingparent.be/wp-content/uploads/2018/06/Dotties-maat-5-1.png,Dotties-maat-5|Picture1|Picture2|Dotties-maat-5,|||,|||,|||,https://www.wingparent.be/wp-content/uploads/2018/06/Dotties-maat-5.png,,simple,featured,Verzorging>Luiers,,publish,1,wpadmin,karen@leonfurrow.com,Daniela,ddd,dotties-maat-5,,default,0,0,closed,closed,20180622,no,no,,yes,,,,,,,,yes,,,,,-1,-1,,,yes,taxable,21%VAT,"125,126,",a:0:{},"a:3:{s:7:""pa_merk"";a:6:{s:4:""name"";s:7:""pa_merk"";s:5:""value"";s:0:"""";s:8:""position"";i:0;s:10:""is_visible"";i:1;s:12:""is_variation"";i:1;s:11:""is_taxonomy"";i:1;}s:7:""pa_maat"";a:6:{s:4:""name"";s:7:""pa_maat"";s:5:""value"";s:0:"""";s:8:""position"";i:1;s:10:""is_visible"";i:1;s:12:""is_variation"";i:1;s:11:""is_taxonomy"";i:1;}s:11:""pa_aantalkg"";a:6:{s:4:""name"";s:11:""pa_aantalkg"";s:5:""value"";s:0:"""";s:8:""position"";i:2;s:10:""is_visible"";i:1;s:12:""is_variation"";i:1;s:11:""is_taxonomy"";i:1;}}",3.4.2,,a:0:{},0,0,,,,,,,,4,4.3,4.54,3.4,,,,,
122,"Dotties Maat 6","<p>Dotties Sensitive luiers Maat 6 (15+kg) is dé gezonde luier tegen huismerkprijs! Dotties Sensitive luiers (24 stuks) bevatten 0% parabenen 0% chlorine 0% kleurstoffen 0% lotion 0% parfum Geen onnodige toevoegingen maar wel 100% comfort en kwaliteit. Dotties Sensitive luiers zijn huidvriendelijk en geschikt voor een zeer gevoelige babyhuid. Ze zijn hypoallergeen, Ph neutraal en dermatologisch getest. De luiers zijn gemaakt van zorgvuldig geselecteerde grondstoffen van verantwoorde afkomst en het productieafval wordt maximaal hergebruikt. De babyluiers geven de gevoelige babyhuid maximale bescherming gedurende 12u.</p>",<p>Luiers</p>,20180620,product,https://www.wingparent.be/product/dotties-maat-6/,180,nl,0,"Luiers Dotties Maat 6",4.54,4.54,,instock,166,,2,"Aantal kg",,no,no,no,aantalkg,15+kg,yes,yes,yes,Color,,no,no,no,Maat,6,yes,yes,yes,Merk,Dotties,yes,yes,yes,,visible,https://www.wingparent.be/wp-content/uploads/2018/06/Dotties-maat-6.png|https://www.wingparent.be/wp-content/uploads/2018/06/Picture1.png|https://www.wingparent.be/wp-content/uploads/2018/06/Picture2.png|https://www.wingparent.be/wp-content/uploads/2018/06/Dotties-maat-6-1.png,Dotties-maat-6|Picture1|Picture2|Dotties-maat-6,|||,|||,|||,https://www.wingparent.be/wp-content/uploads/2018/06/Dotties-maat-6.png,,simple,featured,Verzorging>Luiers,,publish,1,wpadmin,karen@leonfurrow.com,Daniela,ddd,dotties-maat-6,,default,0,0,closed,closed,20180622,no,no,,yes,,,,,,,,yes,,,,,-1,-1,,,yes,taxable,21%VAT,"125,126,",a:0:{},"a:3:{s:7:""pa_merk"";a:6:{s:4:""name"";s:7:""pa_merk"";s:5:""value"";s:0:"""";s:8:""position"";i:0;s:10:""is_visible"";i:1;s:12:""is_variation"";i:1;s:11:""is_taxonomy"";i:1;}s:7:""pa_maat"";a:6:{s:4:""name"";s:7:""pa_maat"";s:5:""value"";s:0:"""";s:8:""position"";i:1;s:10:""is_visible"";i:1;s:12:""is_variation"";i:1;s:11:""is_taxonomy"";i:1;}s:11:""pa_aantalkg"";a:6:{s:4:""name"";s:11:""pa_aantalkg"";s:5:""value"";s:0:"""";s:8:""position"";i:2;s:10:""is_visible"";i:1;s:12:""is_variation"";i:1;s:11:""is_taxonomy"";i:1;}}",3.4.2,,a:0:{},0,0,,,,,,,,4,4.3,4.54,3.4,,,,,
250,"Dotties Maat 3","<p><span style=""vertical-align: inherit;""><span style=""vertical-align: inherit;"">Dotties Sensitive diapers Size 3 (4-9kg) contain 34 pieces. </span><span style=""vertical-align: inherit;"">Dotties Sensitive is the healthy diaper at home brand price! </span><span style=""vertical-align: inherit;"">Dotties Sensitive diapers contain 0% parabens, 0% chlorine, 0% dyes, 0% lotion, 0% perfume and so no unnecessary additives so you get healthier baby buttocks. </span><span style=""vertical-align: inherit;"">Dotties Sensitive diapers are skin-friendly and suitable for very sensitive baby skin as they are hypoallergenic, Ph neutral and dermatologically tested. </span><span style=""vertical-align: inherit;"">The diapers are made from carefully selected raw materials of responsible origin and the production waste is maximally reused. </span><span style=""vertical-align: inherit;"">The baby diapers give the sensitive baby skin maximum protection for 12 hours, moreover, maximum absorption ensures lower product consumption and therefore less waste.</span></span></p>","<p><span style=""vertical-align: inherit;""><span style=""vertical-align: inherit;"">Diapers</span></span></p>",20180620,product,https://www.wingparent.be/en/product/dotties-maat-3/,176,en,0,"Luiers Dotties Maat 3",4.54,4.54,,instock,184,,8,"Aantal kg",,no,no,no,aantalkg,4-9kg,yes,yes,yes,Color,,no,no,no,Maat,3,yes,yes,yes,Merk,Dotties,yes,yes,yes,,visible,https://www.wingparent.be/wp-content/uploads/2018/06/Dotties-maat-3-1.png|https://www.wingparent.be/wp-content/uploads/2018/06/Picture1.png|https://www.wingparent.be/wp-content/uploads/2018/06/Picture2.png,Dotties-maat-3|Picture1|Picture2,||,||,||,https://www.wingparent.be/wp-content/uploads/2018/06/Dotties-maat-3-1.png,,simple,featured,Care>Luiers,,publish,1,wpadmin,karen@leonfurrow.com,Daniela,ddd,dotties-maat-3,,default,0,0,closed,closed,20180622,no,no,,yes,,,,,,,,yes,,,,,-1,-1,,,yes,taxable,21%VAT,"125,126,",a:0:{},"a:3:{s:7:""pa_merk"";a:6:{s:4:""name"";s:7:""pa_merk"";s:5:""value"";s:0:"""";s:8:""position"";i:0;s:10:""is_visible"";i:1;s:12:""is_variation"";i:1;s:11:""is_taxonomy"";i:1;}s:7:""pa_maat"";a:6:{s:4:""name"";s:7:""pa_maat"";s:5:""value"";s:0:"""";s:8:""position"";i:1;s:10:""is_visible"";i:1;s:12:""is_variation"";i:1;s:11:""is_taxonomy"";i:1;}s:11:""pa_aantalkg"";a:6:{s:4:""name"";s:11:""pa_aantalkg"";s:5:""value"";s:0:"""";s:8:""position"";i:2;s:10:""is_visible"";i:1;s:12:""is_variation"";i:1;s:11:""is_taxonomy"";i:1;}}",3.4.2,,a:0:{},0,0,,,,,,,,5,5.25,5.49,4.33,,,,,
251,"Dotties Maat 3","<p><span style=""vertical-align: inherit;""><span style=""vertical-align: inherit;"">Dotties Sensitive diapers Size 3 (4-9kg) is the healthy diaper at home brand price! </span><span style=""vertical-align: inherit;"">Dotties Sensitive diapers (34 pieces) contain 0% parabens 0% chlorine 0% dyes 0% lotion 0% perfume No unnecessary additives but 100% comfort and quality. </span><span style=""vertical-align: inherit;"">Dotties Sensitive diapers are skin-friendly and suitable for a very sensitive baby skin. </span><span style=""vertical-align: inherit;"">They are hypoallergenic, Ph neutral and dermatologically tested. </span><span style=""vertical-align: inherit;"">The diapers are made from carefully selected raw materials of responsible origin and the production waste is maximally reused. </span><span style=""vertical-align: inherit;"">The baby diapers give the sensitive baby skin maximum protection for 12 hours.</span></span></p>","<p><span style=""vertical-align: inherit;""><span style=""vertical-align: inherit;"">Diapers</span></span></p>",20180620,product,https://www.wingparent.be/fr/product/dotties-maat-3/,176,fr,0,"Luiers Dotties Maat 3",4.54,4.54,,instock,184,,8,"Aantal kg",,no,no,no,aantalkg,4-9kg,yes,yes,yes,Color,,no,no,no,Maat,3,yes,yes,yes,Merk,Dotties,yes,yes,yes,,visible,https://www.wingparent.be/wp-content/uploads/2018/06/Dotties-maat-3-1.png|https://www.wingparent.be/wp-content/uploads/2018/06/Picture1.png|https://www.wingparent.be/wp-content/uploads/2018/06/Picture2.png,Dotties-maat-3|Picture1|Picture2,||,||,||,https://www.wingparent.be/wp-content/uploads/2018/06/Dotties-maat-3-1.png,,simple,featured,Soin>Luiers,,publish,1,wpadmin,karen@leonfurrow.com,Daniela,ddd,dotties-maat-3,,default,0,0,closed,closed,20180622,no,no,,yes,,,,,,,,yes,,,,,-1,-1,,,yes,taxable,21%VAT,"125,126,",a:0:{},"a:3:{s:7:""pa_merk"";a:6:{s:4:""name"";s:7:""pa_merk"";s:5:""value"";s:0:"""";s:8:""position"";i:0;s:10:""is_visible"";i:1;s:12:""is_variation"";i:1;s:11:""is_taxonomy"";i:1;}s:7:""pa_maat"";a:6:{s:4:""name"";s:7:""pa_maat"";s:5:""value"";s:0:"""";s:8:""position"";i:1;s:10:""is_visible"";i:1;s:12:""is_variation"";i:1;s:11:""is_taxonomy"";i:1;}s:11:""pa_aantalkg"";a:6:{s:4:""name"";s:11:""pa_aantalkg"";s:5:""value"";s:0:"""";s:8:""position"";i:2;s:10:""is_visible"";i:1;s:12:""is_variation"";i:1;s:11:""is_taxonomy"";i:1;}}",3.4.2,,a:0:{},0,0,,,,,,,,4,4.3,4.54,3.4,,,,,
380,"Dotties Maat 4","<p>Dotties Sensitive luiers Maat 4 (7-18kg) is dé gezonde luier tegen huismerkprijs! Dotties Sensitive luiers (32 stuks) bevatten 0% parabenen 0% chlorine 0% kleurstoffen 0% lotion 0% parfum Geen onnodige toevoegingen maar wel 100% comfort en kwaliteit. Dotties Sensitive luiers zijn huidvriendelijk en geschikt voor een zeer gevoelige babyhuid. Ze zijn hypoallergeen, Ph neutraal en dermatologisch getest. De luiers zijn gemaakt van zorgvuldig geselecteerde grondstoffen van verantwoorde afkomst en het productieafval wordt maximaal hergebruikt. De babyluiers geven de gevoelige babyhuid maximale bescherming gedurende 12u.</p>",<p>Luiers</p>,20180620,product,https://www.wingparent.be/en/product/dotties-maat-4/,177,en,0,"Luiers Dotties Maat 4",4.54,4.54,,instock,166,,2,"Aantal kg",,no,no,no,aantalkg,7-18kg,yes,yes,yes,Color,,no,no,no,Maat,4,yes,yes,yes,Merk,Dotties,yes,yes,yes,,visible,https://www.wingparent.be/wp-content/uploads/2018/06/Dotties-maat-4-1.png|https://www.wingparent.be/wp-content/uploads/2018/06/Picture1.png|https://www.wingparent.be/wp-content/uploads/2018/06/Picture2.png,Dotties-maat-4|Picture1|Picture2,||,||,||,https://www.wingparent.be/wp-content/uploads/2018/06/Dotties-maat-4-1.png,,simple,featured,Care>Luiers,,publish,1,wpadmin,karen@leonfurrow.com,Daniela,ddd,dotties-maat-4,,default,0,0,closed,closed,20180622,no,no,,yes,,,,,,,,yes,,,,,-1,-1,,,yes,taxable,21%VAT,"125,126,",a:0:{},"a:3:{s:7:""pa_merk"";a:6:{s:4:""name"";s:7:""pa_merk"";s:5:""value"";s:0:"""";s:8:""position"";i:0;s:10:""is_visible"";i:1;s:12:""is_variation"";i:1;s:11:""is_taxonomy"";i:1;}s:7:""pa_maat"";a:6:{s:4:""name"";s:7:""pa_maat"";s:5:""value"";s:0:"""";s:8:""position"";i:1;s:10:""is_visible"";i:1;s:12:""is_variation"";i:1;s:11:""is_taxonomy"";i:1;}s:11:""pa_aantalkg"";a:6:{s:4:""name"";s:11:""pa_aantalkg"";s:5:""value"";s:0:"""";s:8:""position"";i:2;s:10:""is_visible"";i:1;s:12:""is_variation"";i:1;s:11:""is_taxonomy"";i:1;}}",3.4.2,,a:0:{},0,0,,,,,,,,4,4.3,4.54,3.4,,,,,
381,"Dotties Maat 4","<p>Dotties Sensitive luiers Maat 4 (7-18kg) is dé gezonde luier tegen huismerkprijs! Dotties Sensitive luiers (32 stuks) bevatten 0% parabenen 0% chlorine 0% kleurstoffen 0% lotion 0% parfum Geen onnodige toevoegingen maar wel 100% comfort en kwaliteit. Dotties Sensitive luiers zijn huidvriendelijk en geschikt voor een zeer gevoelige babyhuid. Ze zijn hypoallergeen, Ph neutraal en dermatologisch getest. De luiers zijn gemaakt van zorgvuldig geselecteerde grondstoffen van verantwoorde afkomst en het productieafval wordt maximaal hergebruikt. De babyluiers geven de gevoelige babyhuid maximale bescherming gedurende 12u.</p>",<p>Luiers</p>,20180620,product,https://www.wingparent.be/fr/product/dotties-maat-4/,177,fr,0,"Luiers Dotties Maat 4",4.54,4.54,,instock,166,,2,"Aantal kg",,no,no,no,aantalkg,7-18kg,yes,yes,yes,Color,,no,no,no,Maat,4,yes,yes,yes,Merk,Dotties,yes,yes,yes,,visible,https://www.wingparent.be/wp-content/uploads/2018/06/Dotties-maat-4-1.png|https://www.wingparent.be/wp-content/uploads/2018/06/Picture1.png|https://www.wingparent.be/wp-content/uploads/2018/06/Picture2.png,Dotties-maat-4|Picture1|Picture2,||,||,||,https://www.wingparent.be/wp-content/uploads/2018/06/Dotties-maat-4-1.png,,simple,featured,Soin>Luiers,,publish,1,wpadmin,karen@leonfurrow.com,Daniela,ddd,dotties-maat-4,,default,0,0,closed,closed,20180622,no,no,,yes,,,,,,,,yes,,,,,-1,-1,,,yes,taxable,21%VAT,"125,126,",a:0:{},"a:3:{s:7:""pa_merk"";a:6:{s:4:""name"";s:7:""pa_merk"";s:5:""value"";s:0:"""";s:8:""position"";i:0;s:10:""is_visible"";i:1;s:12:""is_variation"";i:1;s:11:""is_taxonomy"";i:1;}s:7:""pa_maat"";a:6:{s:4:""name"";s:7:""pa_maat"";s:5:""value"";s:0:"""";s:8:""position"";i:1;s:10:""is_visible"";i:1;s:12:""is_variation"";i:1;s:11:""is_taxonomy"";i:1;}s:11:""pa_aantalkg"";a:6:{s:4:""name"";s:11:""pa_aantalkg"";s:5:""value"";s:0:"""";s:8:""position"";i:2;s:10:""is_visible"";i:1;s:12:""is_variation"";i:1;s:11:""is_taxonomy"";i:1;}}",3.4.2,,a:0:{},0,0,,,,,,,,4,4.3,4.54,3.4,,,,,
382,"Dotties Maat 4+","<p>Dotties Sensitive luiers Maat 4+ (7-20kg) is dé gezonde luier tegen huismerkprijs! Dotties Sensitive luiers (30 stuks) bevatten 0% parabenen 0% chlorine 0% kleurstoffen 0% lotion 0% parfum Geen onnodige toevoegingen maar wel 100% comfort en kwaliteit. Dotties Sensitive luiers zijn huidvriendelijk en geschikt voor een zeer gevoelige babyhuid. Ze zijn hypoallergeen, Ph neutraal en dermatologisch getest. De luiers zijn gemaakt van zorgvuldig geselecteerde grondstoffen van verantwoorde afkomst en het productieafval wordt maximaal hergebruikt. De babyluiers geven de gevoelige babyhuid maximale bescherming gedurende 12u.</p>",<p>Luiers</p>,20180620,product,https://www.wingparent.be/en/product/dotties-maat-4-2/,178,en,0,"Luiers Dotties Maat 4+",4.54,4.54,,instock,167,,1,"Aantal kg",,no,no,no,aantalkg,7-20kg,yes,yes,yes,Color,,no,no,no,Maat,4,yes,yes,yes,Merk,Dotties,yes,yes,yes,,visible,https://www.wingparent.be/wp-content/uploads/2018/06/Dotties-maat-4-2.png|https://www.wingparent.be/wp-content/uploads/2018/06/Picture1.png|https://www.wingparent.be/wp-content/uploads/2018/06/Picture2.png,Dotties-maat-4+|Picture1|Picture2,||,||,||,https://www.wingparent.be/wp-content/uploads/2018/06/Dotties-maat-4-2.png,,simple,featured,Care>Luiers,,publish,1,wpadmin,karen@leonfurrow.com,Daniela,ddd,dotties-maat-4-2,,default,0,0,closed,closed,20180622,no,no,,yes,,,,,,,,yes,,,,,-1,-1,,,yes,taxable,21%VAT,"125,126,",a:0:{},"a:3:{s:7:""pa_merk"";a:6:{s:4:""name"";s:7:""pa_merk"";s:5:""value"";s:0:"""";s:8:""position"";i:0;s:10:""is_visible"";i:1;s:12:""is_variation"";i:1;s:11:""is_taxonomy"";i:1;}s:7:""pa_maat"";a:6:{s:4:""name"";s:7:""pa_maat"";s:5:""value"";s:0:"""";s:8:""position"";i:1;s:10:""is_visible"";i:1;s:12:""is_variation"";i:1;s:11:""is_taxonomy"";i:1;}s:11:""pa_aantalkg"";a:6:{s:4:""name"";s:11:""pa_aantalkg"";s:5:""value"";s:0:"""";s:8:""position"";i:2;s:10:""is_visible"";i:1;s:12:""is_variation"";i:1;s:11:""is_taxonomy"";i:1;}}",3.4.2,,a:0:{},0,0,,,,,,,,4,4.3,4.54,3.4,,,,,
383,"Dotties Maat 4+","<p>Dotties Sensitive luiers Maat 4+ (7-20kg) is dé gezonde luier tegen huismerkprijs! Dotties Sensitive luiers (30 stuks) bevatten 0% parabenen 0% chlorine 0% kleurstoffen 0% lotion 0% parfum Geen onnodige toevoegingen maar wel 100% comfort en kwaliteit. Dotties Sensitive luiers zijn huidvriendelijk en geschikt voor een zeer gevoelige babyhuid. Ze zijn hypoallergeen, Ph neutraal en dermatologisch getest. De luiers zijn gemaakt van zorgvuldig geselecteerde grondstoffen van verantwoorde afkomst en het productieafval wordt maximaal hergebruikt. De babyluiers geven de gevoelige babyhuid maximale bescherming gedurende 12u.</p>",<p>Luiers</p>,20180620,product,https://www.wingparent.be/fr/product/dotties-maat-4-2/,178,fr,0,"Luiers Dotties Maat 4+",4.54,4.54,,instock,167,,1,"Aantal kg",,no,no,no,aantalkg,7-20kg,yes,yes,yes,Color,,no,no,no,Maat,4,yes,yes,yes,Merk,Dotties,yes,yes,yes,,visible,https://www.wingparent.be/wp-content/uploads/2018/06/Dotties-maat-4-2.png|https://www.wingparent.be/wp-content/uploads/2018/06/Picture1.png|https://www.wingparent.be/wp-content/uploads/2018/06/Picture2.png,Dotties-maat-4+|Picture1|Picture2,||,||,||,https://www.wingparent.be/wp-content/uploads/2018/06/Dotties-maat-4-2.png,,simple,featured,Soin>Luiers,,publish,1,wpadmin,karen@leonfurrow.com,Daniela,ddd,dotties-maat-4-2,,default,0,0,closed,closed,20180622,no,no,,yes,,,,,,,,yes,,,,,-1,-1,,,yes,taxable,21%VAT,"125,126,",a:0:{},"a:3:{s:7:""pa_merk"";a:6:{s:4:""name"";s:7:""pa_merk"";s:5:""value"";s:0:"""";s:8:""position"";i:0;s:10:""is_visible"";i:1;s:12:""is_variation"";i:1;s:11:""is_taxonomy"";i:1;}s:7:""pa_maat"";a:6:{s:4:""name"";s:7:""pa_maat"";s:5:""value"";s:0:"""";s:8:""position"";i:1;s:10:""is_visible"";i:1;s:12:""is_variation"";i:1;s:11:""is_taxonomy"";i:1;}s:11:""pa_aantalkg"";a:6:{s:4:""name"";s:11:""pa_aantalkg"";s:5:""value"";s:0:"""";s:8:""position"";i:2;s:10:""is_visible"";i:1;s:12:""is_variation"";i:1;s:11:""is_taxonomy"";i:1;}}",3.4.2,,a:0:{},0,0,,,,,,,,4,4.3,4.54,3.4,,,,,
385,"Dotties Maat 5","<p>Dotties Sensitive luiers Maat 5 (12-25kg) is dé gezonde luier tegen huismerkprijs! Dotties Sensitive luiers (28 stuks) bevatten 0% parabenen 0% chlorine 0% kleurstoffen 0% lotion 0% parfum Geen onnodige toevoegingen maar wel 100% comfort en kwaliteit. Dotties Sensitive luiers zijn huidvriendelijk en geschikt voor een zeer gevoelige babyhuid. Ze zijn hypoallergeen, Ph neutraal en dermatologisch getest. De luiers zijn gemaakt van zorgvuldig geselecteerde grondstoffen van verantwoorde afkomst en het productieafval wordt maximaal hergebruikt. De babyluiers geven de gevoelige babyhuid maximale bescherming gedurende 12u.</p>",<p>Luiers</p>,20180620,product,https://www.wingparent.be/en/product/dotties-maat-5/,179,en,0,"Luiers Dotties Maat 5",4.54,4.54,,instock,143,,1,"Aantal kg",,no,no,no,aantalkg,12-25kg,yes,yes,yes,Color,,no,no,no,Maat,5,yes,yes,yes,Merk,Dotties,yes,yes,yes,,visible,https://www.wingparent.be/wp-content/uploads/2018/06/Dotties-maat-5-1.png|https://www.wingparent.be/wp-content/uploads/2018/06/Picture1.png|https://www.wingparent.be/wp-content/uploads/2018/06/Picture2.png,Dotties-maat-5|Picture1|Picture2,||,||,||,https://www.wingparent.be/wp-content/uploads/2018/06/Dotties-maat-5-1.png,,simple,featured,Care>Luiers,,publish,1,wpadmin,karen@leonfurrow.com,Daniela,ddd,dotties-maat-5,,default,0,0,closed,closed,20180622,no,no,,yes,,,,,,,,yes,,,,,-1,-1,,,yes,taxable,21%VAT,"125,126,",a:0:{},"a:3:{s:7:""pa_merk"";a:6:{s:4:""name"";s:7:""pa_merk"";s:5:""value"";s:0:"""";s:8:""position"";i:0;s:10:""is_visible"";i:1;s:12:""is_variation"";i:1;s:11:""is_taxonomy"";i:1;}s:7:""pa_maat"";a:6:{s:4:""name"";s:7:""pa_maat"";s:5:""value"";s:0:"""";s:8:""position"";i:1;s:10:""is_visible"";i:1;s:12:""is_variation"";i:1;s:11:""is_taxonomy"";i:1;}s:11:""pa_aantalkg"";a:6:{s:4:""name"";s:11:""pa_aantalkg"";s:5:""value"";s:0:"""";s:8:""position"";i:2;s:10:""is_visible"";i:1;s:12:""is_variation"";i:1;s:11:""is_taxonomy"";i:1;}}",3.4.2,,a:0:{},0,0,,,,,,,,4,4.3,4.54,3.4,,,,,
386,"Dotties Maat 5","<p>Dotties Sensitive luiers Maat 5 (12-25kg) is dé gezonde luier tegen huismerkprijs! Dotties Sensitive luiers (28 stuks) bevatten 0% parabenen 0% chlorine 0% kleurstoffen 0% lotion 0% parfum Geen onnodige toevoegingen maar wel 100% comfort en kwaliteit. Dotties Sensitive luiers zijn huidvriendelijk en geschikt voor een zeer gevoelige babyhuid. Ze zijn hypoallergeen, Ph neutraal en dermatologisch getest. De luiers zijn gemaakt van zorgvuldig geselecteerde grondstoffen van verantwoorde afkomst en het productieafval wordt maximaal hergebruikt. De babyluiers geven de gevoelige babyhuid maximale bescherming gedurende 12u.</p>",<p>Luiers</p>,20180620,product,https://www.wingparent.be/fr/product/dotties-maat-5/,179,fr,0,"Luiers Dotties Maat 5",4.54,4.54,,instock,143,,1,"Aantal kg",,no,no,no,aantalkg,12-25kg,yes,yes,yes,Color,,no,no,no,Maat,5,yes,yes,yes,Merk,Dotties,yes,yes,yes,,visible,https://www.wingparent.be/wp-content/uploads/2018/06/Dotties-maat-5-1.png|https://www.wingparent.be/wp-content/uploads/2018/06/Picture1.png|https://www.wingparent.be/wp-content/uploads/2018/06/Picture2.png,Dotties-maat-5|Picture1|Picture2,||,||,||,https://www.wingparent.be/wp-content/uploads/2018/06/Dotties-maat-5-1.png,,simple,featured,Soin>Luiers,,publish,1,wpadmin,karen@leonfurrow.com,Daniela,ddd,dotties-maat-5,,default,0,0,closed,closed,20180622,no,no,,yes,,,,,,,,yes,,,,,-1,-1,,,yes,taxable,21%VAT,"125,126,",a:0:{},"a:3:{s:7:""pa_merk"";a:6:{s:4:""name"";s:7:""pa_merk"";s:5:""value"";s:0:"""";s:8:""position"";i:0;s:10:""is_visible"";i:1;s:12:""is_variation"";i:1;s:11:""is_taxonomy"";i:1;}s:7:""pa_maat"";a:6:{s:4:""name"";s:7:""pa_maat"";s:5:""value"";s:0:"""";s:8:""position"";i:1;s:10:""is_visible"";i:1;s:12:""is_variation"";i:1;s:11:""is_taxonomy"";i:1;}s:11:""pa_aantalkg"";a:6:{s:4:""name"";s:11:""pa_aantalkg"";s:5:""value"";s:0:"""";s:8:""position"";i:2;s:10:""is_visible"";i:1;s:12:""is_variation"";i:1;s:11:""is_taxonomy"";i:1;}}",3.4.2,,a:0:{},0,0,,,,,,,,4,4.3,4.54,3.4,,,,,
388,"Dotties Maat 6","<p>Dotties Sensitive luiers Maat 6 (15+kg) is dé gezonde luier tegen huismerkprijs! Dotties Sensitive luiers (24 stuks) bevatten 0% parabenen 0% chlorine 0% kleurstoffen 0% lotion 0% parfum Geen onnodige toevoegingen maar wel 100% comfort en kwaliteit. Dotties Sensitive luiers zijn huidvriendelijk en geschikt voor een zeer gevoelige babyhuid. Ze zijn hypoallergeen, Ph neutraal en dermatologisch getest. De luiers zijn gemaakt van zorgvuldig geselecteerde grondstoffen van verantwoorde afkomst en het productieafval wordt maximaal hergebruikt. De babyluiers geven de gevoelige babyhuid maximale bescherming gedurende 12u.</p>",<p>Luiers</p>,20180620,product,https://www.wingparent.be/en/product/dotties-maat-6/,180,en,0,"Luiers Dotties Maat 6",4.54,4.54,,instock,166,,2,"Aantal kg",,no,no,no,aantalkg,15+kg,yes,yes,yes,Color,,no,no,no,Maat,6,yes,yes,yes,Merk,Dotties,yes,yes,yes,,visible,https://www.wingparent.be/wp-content/uploads/2018/06/Dotties-maat-6-1.png|https://www.wingparent.be/wp-content/uploads/2018/06/Picture1.png|https://www.wingparent.be/wp-content/uploads/2018/06/Picture2.png,Dotties-maat-6|Picture1|Picture2,||,||,||,https://www.wingparent.be/wp-content/uploads/2018/06/Dotties-maat-6-1.png,,simple,featured,Care>Luiers,,publish,1,wpadmin,karen@leonfurrow.com,Daniela,ddd,dotties-maat-6,,default,0,0,closed,closed,20180622,no,no,,yes,,,,,,,,yes,,,,,-1,-1,,,yes,taxable,21%VAT,"125,126,",a:0:{},"a:3:{s:7:""pa_merk"";a:6:{s:4:""name"";s:7:""pa_merk"";s:5:""value"";s:0:"""";s:8:""position"";i:0;s:10:""is_visible"";i:1;s:12:""is_variation"";i:1;s:11:""is_taxonomy"";i:1;}s:7:""pa_maat"";a:6:{s:4:""name"";s:7:""pa_maat"";s:5:""value"";s:0:"""";s:8:""position"";i:1;s:10:""is_visible"";i:1;s:12:""is_variation"";i:1;s:11:""is_taxonomy"";i:1;}s:11:""pa_aantalkg"";a:6:{s:4:""name"";s:11:""pa_aantalkg"";s:5:""value"";s:0:"""";s:8:""position"";i:2;s:10:""is_visible"";i:1;s:12:""is_variation"";i:1;s:11:""is_taxonomy"";i:1;}}",3.4.2,,a:0:{},0,0,,,,,,,,4,4.3,4.54,3.4,,,,,
389,"Dotties Maat 6","<p>Dotties Sensitive luiers Maat 6 (15+kg) is dé gezonde luier tegen huismerkprijs! Dotties Sensitive luiers (24 stuks) bevatten 0% parabenen 0% chlorine 0% kleurstoffen 0% lotion 0% parfum Geen onnodige toevoegingen maar wel 100% comfort en kwaliteit. Dotties Sensitive luiers zijn huidvriendelijk en geschikt voor een zeer gevoelige babyhuid. Ze zijn hypoallergeen, Ph neutraal en dermatologisch getest. De luiers zijn gemaakt van zorgvuldig geselecteerde grondstoffen van verantwoorde afkomst en het productieafval wordt maximaal hergebruikt. De babyluiers geven de gevoelige babyhuid maximale bescherming gedurende 12u.</p>",<p>Luiers</p>,20180620,product,https://www.wingparent.be/fr/product/dotties-maat-6/,180,fr,0,"Luiers Dotties Maat 6",4.54,4.54,,instock,166,,2,"Aantal kg",,no,no,no,aantalkg,15+kg,yes,yes,yes,Color,,no,no,no,Maat,6,yes,yes,yes,Merk,Dotties,yes,yes,yes,,visible,https://www.wingparent.be/wp-content/uploads/2018/06/Dotties-maat-6-1.png|https://www.wingparent.be/wp-content/uploads/2018/06/Picture1.png|https://www.wingparent.be/wp-content/uploads/2018/06/Picture2.png,Dotties-maat-6|Picture1|Picture2,||,||,||,https://www.wingparent.be/wp-content/uploads/2018/06/Dotties-maat-6-1.png,,simple,featured,Soin>Luiers,,publish,1,wpadmin,karen@leonfurrow.com,Daniela,ddd,dotties-maat-6,,default,0,0,closed,closed,20180622,no,no,,yes,,,,,,,,yes,,,,,-1,-1,,,yes,taxable,21%VAT,"125,126,",a:0:{},"a:3:{s:7:""pa_merk"";a:6:{s:4:""name"";s:7:""pa_merk"";s:5:""value"";s:0:"""";s:8:""position"";i:0;s:10:""is_visible"";i:1;s:12:""is_variation"";i:1;s:11:""is_taxonomy"";i:1;}s:7:""pa_maat"";a:6:{s:4:""name"";s:7:""pa_maat"";s:5:""value"";s:0:"""";s:8:""position"";i:1;s:10:""is_visible"";i:1;s:12:""is_variation"";i:1;s:11:""is_taxonomy"";i:1;}s:11:""pa_aantalkg"";a:6:{s:4:""name"";s:11:""pa_aantalkg"";s:5:""value"";s:0:"""";s:8:""position"";i:2;s:10:""is_visible"";i:1;s:12:""is_variation"";i:1;s:11:""is_taxonomy"";i:1;}}",3.4.2,,a:0:{},0,0,,,,,,,,4,4.3,4.54,3.4,,,,,
469,"Dotties Maat 3 Volumepack (4 x 34st)","<p>Dotties Sensitive luiers Maat 3 (4-9kg) is dé gezonde luier tegen huismerkprijs! Dotties Sensitive luiers (4x34 stuks) bevatten 0% parabenen 0% chlorine 0% kleurstoffen 0% lotion 0% parfum Geen onnodige toevoegingen maar wel 100% comfort en kwaliteit. Dotties Sensitive luiers zijn huidvriendelijk en geschikt voor een zeer gevoelige babyhuid. Ze zijn hypoallergeen, Ph neutraal en dermatologisch getest. De luiers zijn gemaakt van zorgvuldig geselecteerde grondstoffen van verantwoorde afkomst en het productieafval wordt maximaal hergebruikt. De babyluiers geven de gevoelige babyhuid maximale bescherming gedurende 12u.</p>",<p>Luiers</p>,20180625,product,https://www.wingparent.be/product/dotties-maat-3-volumepack-4-x-34st/,234,nl,0,"Luiers Dotties Maat 3-1",15.00,15.00,,instock,184,,0,"Aantal kg",,no,no,no,aantalkg,4-9kg,yes,yes,yes,Color,,no,no,no,Maat,3,yes,yes,yes,Merk,Dotties,yes,yes,yes,,visible,https://www.wingparent.be/wp-content/uploads/2018/06/Dotties-maat-3.png|https://www.wingparent.be/wp-content/uploads/2018/06/Picture1.png|https://www.wingparent.be/wp-content/uploads/2018/06/Picture2.png,Dotties-maat-3|Picture1|Picture2,||,||,||,https://www.wingparent.be/wp-content/uploads/2018/06/Dotties-maat-3.png,,simple,featured,Verzorging>Luiers,,publish,1,wpadmin,karen@leonfurrow.com,Daniela,ddd,dotties-maat-3-volumepack-4-x-34st,,default,0,0,closed,closed,20180625,no,no,,yes,,,,,,,no,yes,,,,,-1,-1,,,yes,taxable,21vat,"125,126",a:0:{},"a:3:{s:7:""pa_merk"";a:6:{s:4:""name"";s:7:""pa_merk"";s:5:""value"";s:0:"""";s:8:""position"";i:0;s:10:""is_visible"";i:1;s:12:""is_variation"";i:1;s:11:""is_taxonomy"";i:1;}s:7:""pa_maat"";a:6:{s:4:""name"";s:7:""pa_maat"";s:5:""value"";s:0:"""";s:8:""position"";i:1;s:10:""is_visible"";i:1;s:12:""is_variation"";i:1;s:11:""is_taxonomy"";i:1;}s:11:""pa_aantalkg"";a:6:{s:4:""name"";s:11:""pa_aantalkg"";s:5:""value"";s:0:"""";s:8:""position"";i:2;s:10:""is_visible"";i:1;s:12:""is_variation"";i:1;s:11:""is_taxonomy"";i:1;}}",3.4.2,,a:0:{},0,0,,,,,,,,15,15,15,15,,,,,
471,"Dotties Maat 4 Volumepack (4 x 32st)","<p>Dotties Sensitive luiers Maat 4 (7-18kg) is dé gezonde luier tegen huismerkprijs! Dotties Sensitive luiers (4 x 32 stuks) bevatten 0% parabenen 0% chlorine 0% kleurstoffen 0% lotion 0% parfum Geen onnodige toevoegingen maar wel 100% comfort en kwaliteit. Dotties Sensitive luiers zijn huidvriendelijk en geschikt voor een zeer gevoelige babyhuid. Ze zijn hypoallergeen, Ph neutraal en dermatologisch getest. De luiers zijn gemaakt van zorgvuldig geselecteerde grondstoffen van verantwoorde afkomst en het productieafval wordt maximaal hergebruikt. De babyluiers geven de gevoelige babyhuid maximale bescherming gedurende 12u.</p>",<p>Luiers</p>,20180625,product,https://www.wingparent.be/product/dotties-maat-4-volumepack-4-x-32st/,235,nl,0,"Luiers Dotties Maat 4-1",15.94,15.94,,instock,166,,0,"Aantal kg",,no,no,no,aantalkg,7-18kg,yes,yes,yes,Color,,no,no,no,Maat,4,yes,yes,yes,Merk,Dotties,yes,yes,yes,,visible,https://www.wingparent.be/wp-content/uploads/2018/06/Dotties-maat-4-1.png|https://www.wingparent.be/wp-content/uploads/2018/06/Picture1.png|https://www.wingparent.be/wp-content/uploads/2018/06/Picture2.png,Dotties-maat-4|Picture1|Picture2,||,||,||,https://www.wingparent.be/wp-content/uploads/2018/06/Dotties-maat-4-1.png,,simple,featured,Verzorging>Luiers,,publish,1,wpadmin,karen@leonfurrow.com,Daniela,ddd,dotties-maat-4-volumepack-4-x-32st,,default,0,0,closed,closed,20180625,no,no,,yes,,,,,,,no,yes,,,,,-1,-1,,,yes,taxable,21vat,"125,126",a:0:{},"a:3:{s:7:""pa_merk"";a:6:{s:4:""name"";s:7:""pa_merk"";s:5:""value"";s:0:"""";s:8:""position"";i:0;s:10:""is_visible"";i:1;s:12:""is_variation"";i:1;s:11:""is_taxonomy"";i:1;}s:7:""pa_maat"";a:6:{s:4:""name"";s:7:""pa_maat"";s:5:""value"";s:0:"""";s:8:""position"";i:1;s:10:""is_visible"";i:1;s:12:""is_variation"";i:1;s:11:""is_taxonomy"";i:1;}s:11:""pa_aantalkg"";a:6:{s:4:""name"";s:11:""pa_aantalkg"";s:5:""value"";s:0:"""";s:8:""position"";i:2;s:10:""is_visible"";i:1;s:12:""is_variation"";i:1;s:11:""is_taxonomy"";i:1;}}",3.4.2,,a:0:{},0,0,,,,,,,,15.94,15.94,15.94,15.94,,,,,
474,"Dotties Maat 5 volumepack (4 x 28st)","<p>Dotties Sensitive luiers Maat 5 (12-25kg) is dé gezonde luier tegen huismerkprijs! Dotties Sensitive luiers (4 x 28 stuks) bevatten 0% parabenen 0% chlorine 0% kleurstoffen 0% lotion 0% parfum Geen onnodige toevoegingen maar wel 100% comfort en kwaliteit. Dotties Sensitive luiers zijn huidvriendelijk en geschikt voor een zeer gevoelige babyhuid. Ze zijn hypoallergeen, Ph neutraal en dermatologisch getest. De luiers zijn gemaakt van zorgvuldig geselecteerde grondstoffen van verantwoorde afkomst en het productieafval wordt maximaal hergebruikt. De babyluiers geven de gevoelige babyhuid maximale bescherming gedurende 12u.</p>",<p>Luiers</p>,20180625,product,https://www.wingparent.be/product/dotties-maat-5-volumepack-4-x-28st/,236,nl,0,"Luiers Dotties Maat 5-1",17.68,17.68,,instock,142,,1,"Aantal kg",,no,no,no,aantalkg,12-25kg,yes,yes,yes,Color,,no,no,no,Maat,5,yes,yes,yes,Merk,Dotties,yes,yes,yes,,visible,https://www.wingparent.be/wp-content/uploads/2018/06/Dotties-maat-5.png|https://www.wingparent.be/wp-content/uploads/2018/06/Picture1.png|https://www.wingparent.be/wp-content/uploads/2018/06/Picture2.png,Dotties-maat-5|Picture1|Picture2,||,||,||,https://www.wingparent.be/wp-content/uploads/2018/06/Dotties-maat-5.png,,simple,featured,Verzorging>Luiers,,publish,1,wpadmin,karen@leonfurrow.com,Daniela,ddd,dotties-maat-5-volumepack-4-x-28st,,default,0,0,closed,closed,20180625,no,no,,yes,,,,,,,no,yes,,,,,-1,-1,,,yes,taxable,21vat,"125,126",a:0:{},"a:3:{s:7:""pa_merk"";a:6:{s:4:""name"";s:7:""pa_merk"";s:5:""value"";s:0:"""";s:8:""position"";i:0;s:10:""is_visible"";i:1;s:12:""is_variation"";i:1;s:11:""is_taxonomy"";i:1;}s:7:""pa_maat"";a:6:{s:4:""name"";s:7:""pa_maat"";s:5:""value"";s:0:"""";s:8:""position"";i:1;s:10:""is_visible"";i:1;s:12:""is_variation"";i:1;s:11:""is_taxonomy"";i:1;}s:11:""pa_aantalkg"";a:6:{s:4:""name"";s:11:""pa_aantalkg"";s:5:""value"";s:0:"""";s:8:""position"";i:2;s:10:""is_visible"";i:1;s:12:""is_variation"";i:1;s:11:""is_taxonomy"";i:1;}}",3.4.2,,a:0:{},0,0,,,,,,,,17.68,17.68,17.68,17.68,,,,,
478,"Dotties Maat 4+ Volumepack (4 x 30st)","<p>Dotties Sensitive luiers Maat 4+ (7-20kg) is dé gezonde luier tegen huismerkprijs! Dotties Sensitive luiers (4 x 30 stuks) bevatten 0% parabenen 0% chlorine 0% kleurstoffen 0% lotion 0% parfum Geen onnodige toevoegingen maar wel 100% comfort en kwaliteit. Dotties Sensitive luiers zijn huidvriendelijk en geschikt voor een zeer gevoelige babyhuid. Ze zijn hypoallergeen, Ph neutraal en dermatologisch getest. De luiers zijn gemaakt van zorgvuldig geselecteerde grondstoffen van verantwoorde afkomst en het productieafval wordt maximaal hergebruikt. De babyluiers geven de gevoelige babyhuid maximale bescherming gedurende 12u.</p>",<p>Luiers</p>,20180625,product,https://www.wingparent.be/product/dotties-maat-4-volumepack-4-x-30st/,237,nl,0,"Luiers Dotties Maat 4+-1",17.43,17.43,,instock,167,,0,"Aantal kg",,no,no,no,aantalkg,7-20kg,yes,yes,yes,Color,,no,no,no,Maat,4,yes,yes,yes,Merk,Dotties,yes,yes,yes,,visible,https://www.wingparent.be/wp-content/uploads/2018/06/Dotties-maat-4-2.png|https://www.wingparent.be/wp-content/uploads/2018/06/Picture1.png|https://www.wingparent.be/wp-content/uploads/2018/06/Picture2.png,Dotties-maat-4+|Picture1|Picture2,||,||,||,https://www.wingparent.be/wp-content/uploads/2018/06/Dotties-maat-4-2.png,,simple,featured,Verzorging>Luiers,,publish,1,wpadmin,karen@leonfurrow.com,Daniela,ddd,dotties-maat-4-volumepack-4-x-30st,,default,0,0,closed,closed,20180625,no,no,,yes,,,,,,,no,yes,,,,,-1,-1,,,yes,taxable,21vat,"125,126",a:0:{},"a:3:{s:7:""pa_merk"";a:6:{s:4:""name"";s:7:""pa_merk"";s:5:""value"";s:0:"""";s:8:""position"";i:0;s:10:""is_visible"";i:1;s:12:""is_variation"";i:1;s:11:""is_taxonomy"";i:1;}s:7:""pa_maat"";a:6:{s:4:""name"";s:7:""pa_maat"";s:5:""value"";s:0:"""";s:8:""position"";i:1;s:10:""is_visible"";i:1;s:12:""is_variation"";i:1;s:11:""is_taxonomy"";i:1;}s:11:""pa_aantalkg"";a:6:{s:4:""name"";s:11:""pa_aantalkg"";s:5:""value"";s:0:"""";s:8:""position"";i:2;s:10:""is_visible"";i:1;s:12:""is_variation"";i:1;s:11:""is_taxonomy"";i:1;}}",3.4.2,,a:0:{},0,0,,,,,,,,17.43,17.43,17.43,17.43,,,,,
480,"Dotties Maat 6 Volumepack (4 x 24st)","<p>Dotties Sensitive luiers Maat 6 (15+kg) is dé gezonde luier tegen huismerkprijs! Dotties Sensitive luiers (4 x 24 stuks) bevatten 0% parabenen 0% chlorine 0% kleurstoffen 0% lotion 0% parfum Geen onnodige toevoegingen maar wel 100% comfort en kwaliteit. Dotties Sensitive luiers zijn huidvriendelijk en geschikt voor een zeer gevoelige babyhuid. Ze zijn hypoallergeen, Ph neutraal en dermatologisch getest. De luiers zijn gemaakt van zorgvuldig geselecteerde grondstoffen van verantwoorde afkomst en het productieafval wordt maximaal hergebruikt. De babyluiers geven de gevoelige babyhuid maximale bescherming gedurende 12u.</p>",<p>Luiers</p>,20180625,product,https://www.wingparent.be/product/dotties-maat-6-volumepack-4-x-24st/,238,nl,0,"Luiers Dotties Maat 6-1",17.76,17.76,,instock,166,,0,"Aantal kg",,no,no,no,aantalkg,15+kg,yes,yes,yes,Color,,no,no,no,Maat,6,yes,yes,yes,Merk,Dotties,yes,yes,yes,,visible,https://www.wingparent.be/wp-content/uploads/2018/06/Dotties-maat-6.png|https://www.wingparent.be/wp-content/uploads/2018/06/Picture1.png|https://www.wingparent.be/wp-content/uploads/2018/06/Picture2.png,Dotties-maat-6|Picture1|Picture2,||,||,||,https://www.wingparent.be/wp-content/uploads/2018/06/Dotties-maat-6.png,,simple,featured,Verzorging>Luiers,,publish,1,wpadmin,karen@leonfurrow.com,Daniela,ddd,dotties-maat-6-volumepack-4-x-24st,,default,0,0,closed,closed,20180625,no,no,,yes,,,,,,,no,yes,,,,,-1,-1,,,yes,taxable,21vat,"125,126",a:0:{},"a:3:{s:7:""pa_merk"";a:6:{s:4:""name"";s:7:""pa_merk"";s:5:""value"";s:0:"""";s:8:""position"";i:0;s:10:""is_visible"";i:1;s:12:""is_variation"";i:1;s:11:""is_taxonomy"";i:1;}s:7:""pa_maat"";a:6:{s:4:""name"";s:7:""pa_maat"";s:5:""value"";s:0:"""";s:8:""position"";i:1;s:10:""is_visible"";i:1;s:12:""is_variation"";i:1;s:11:""is_taxonomy"";i:1;}s:11:""pa_aantalkg"";a:6:{s:4:""name"";s:11:""pa_aantalkg"";s:5:""value"";s:0:"""";s:8:""position"";i:2;s:10:""is_visible"";i:1;s:12:""is_variation"";i:1;s:11:""is_taxonomy"";i:1;}}",3.4.2,,a:0:{},0,0,,,,,,,,17.76,17.76,17.76,17.76,,,,,
512,"Plat Water 6x2l","Product: Plat water, niet bruisend
Extra info: Water is geschikt voor babyvoeding
Formaat: 2l",,20180701,product,https://www.wingparent.be/product/plat-water-2l/,250,nl,0,,2.04,2.04,,instock,,,0,"Aantal kg",,no,no,no,aantalkg,,no,no,no,Color,,no,no,no,Maat,,no,no,no,Merk,,no,no,no,,visible,,,,,,,,simple,,Supermarkt>Dranken,2|babyvoeding|l|niet-bruisend|plat|water,publish,1,wpadmin,karen@leonfurrow.com,Daniela,ddd,plat-water-2l,,,0,0,open,closed,20180701,no,no,,no,,,,,,,no,no,,,,,-1,-1,,,no,taxable,6vat,,a:0:{},,3.4.2,,a:0:{},0,0,,,,,,,,,,,,,,,,
516,"Binnenkort beschikbaar ....",,,20180701,product,https://www.wingparent.be/product/binnenkort-beschikbaar/,257,nl,0,,0.00,0.00,,instock,,,0,"Aantal kg",,no,no,no,aantalkg,,no,no,no,Color,,no,no,no,Maat,,no,no,no,Merk,,no,no,no,,visible,,,,,,,,simple,,Supermarkt,2|babyvoeding|l|niet-bruisend|plat|water,publish,1,wpadmin,karen@leonfurrow.com,Daniela,ddd,binnenkort-beschikbaar,,,0,0,open,closed,20180701,no,no,,no,,,,,,,no,no,,,,,-1,-1,,,no,taxable,6vat,,a:0:{},a:0:{},3.4.2,,a:0:{},0,0,,,,,,,,,,,,,,,,
521,"Volle melk 1l","Product: Volle melk
Formaat: 1l",,20180701,product,https://www.wingparent.be/product/volle-melk-1l/,259,nl,0,,0.67,0.67,,instock,,,0,"Aantal kg",,no,no,no,aantalkg,,no,no,no,Color,,no,no,no,Maat,,no,no,no,Merk,,no,no,no,,visible,,,,,,,,simple,,Supermarkt>Dranken,1|babyvoeding|groeimelk|l|melk|vol|volle|zuivel,publish,1,wpadmin,karen@leonfurrow.com,Daniela,ddd,volle-melk-1l,,,0,0,open,closed,20180701,no,no,,no,,,,,,,no,no,,,,,-1,-1,,,no,taxable,6vat,,a:0:{},a:0:{},3.4.2,,a:0:{},0,0,,,,,,,,,,,,,,,,
523,"Bouillon groenten 12x10g","Product: Bouillon groenten
Formaat: 12x10g",,20180701,product,https://www.wingparent.be/product/bouillon-groenten-12x10g/,266,nl,0,,0.37,0.37,,instock,,,0,"Aantal kg",,no,no,no,aantalkg,,no,no,no,Color,,no,no,no,Maat,,no,no,no,Merk,,no,no,no,,visible,,,,,,,,simple,,"Supermarkt>Smaakmaker/ olie/ toppings",bouillon|groente|groenten|vegetarisch|veggie,publish,1,wpadmin,karen@leonfurrow.com,Daniela,ddd,bouillon-groenten-12x10g,,,0,0,open,closed,20180701,no,no,,no,,,,,,,no,no,,,,,-1,-1,,,no,taxable,6vat,,a:0:{},a:0:{},3.4.2,,a:0:{},0,0,,,,,,,,,,,,,,,,
526,"Bouillon vlees 12x10g","Product: Bouillon vlees
Formaat: 12x10g",,20180701,product,https://www.wingparent.be/product/bouillon-vlees-12x10g/,273,nl,0,,0.37,0.37,,instock,,,0,"Aantal kg",,no,no,no,aantalkg,,no,no,no,Color,,no,no,no,Maat,,no,no,no,Merk,,no,no,no,,visible,,,,,,,,simple,,"Supermarkt>Smaakmaker/ olie/ toppings",bouillon|vlees,publish,1,wpadmin,karen@leonfurrow.com,Daniela,ddd,bouillon-vlees-12x10g,,,0,0,open,closed,20180701,no,no,,no,,,,,,,no,no,,,,,-1,-1,,,no,taxable,6vat,,a:0:{},a:0:{},3.4.2,,a:0:{},0,0,,,,,,,,,,,,,,,,
528,"Bouillon kip 12x10g","Product: Bouillon kip
Formaat: 12x10g",,20180701,product,https://www.wingparent.be/product/bouillon-kip-12x10g/,275,nl,0,,0.37,0.37,,instock,,,0,"Aantal kg",,no,no,no,aantalkg,,no,no,no,Color,,no,no,no,Maat,,no,no,no,Merk,,no,no,no,,visible,,,,,,,,simple,,"Supermarkt>Smaakmaker/ olie/ toppings",bouillon|kip|kippenbouillon,publish,1,wpadmin,karen@leonfurrow.com,Daniela,ddd,bouillon-kip-12x10g,,,0,0,open,closed,20180701,no,no,,no,,,,,,,no,no,,,,,-1,-1,,,no,taxable,6vat,,a:0:{},a:0:{},3.4.2,,a:0:{},0,0,,,,,,,,,,,,,,,,
530,"Macaroni 500g","Product: Macaroni 
Formaat: 500g",,20180701,product,https://www.wingparent.be/product/macaroni-500g/,278,nl,0,,0.33,0.33,,instock,,,0,"Aantal kg",,no,no,no,aantalkg,,no,no,no,Color,,no,no,no,Maat,,no,no,no,Merk,,no,no,no,,visible,,,,,,,,simple,,"Supermarkt>Pasta &amp; Rijst",500g|deegwaren|macaroni|pasta,publish,1,wpadmin,karen@leonfurrow.com,Daniela,ddd,macaroni-500g,,,0,0,open,closed,20180701,no,no,,no,,,,,,,no,no,,,,,-1,-1,,,no,taxable,6vat,,a:0:{},a:0:{},3.4.2,,a:0:{},0,0,,,,,,,,,,,,,,,,
532,"spaghetti 500g","Product: Spaghetti
Formaat: 500g",,20180701,product,https://www.wingparent.be/product/spaghetti-500g/,283,nl,0,,0.32,0.32,,instock,,,0,"Aantal kg",,no,no,no,aantalkg,,no,no,no,Color,,no,no,no,Maat,,no,no,no,Merk,,no,no,no,,visible,,,,,,,,simple,,"Supermarkt>Pasta &amp; Rijst",500g|deegwaren|pasta|spaghetti,publish,1,wpadmin,karen@leonfurrow.com,Daniela,ddd,spaghetti-500g,,,0,0,open,closed,20180701,no,no,,no,,,,,,,no,no,,,,,-1,-1,,,no,taxable,6vat,,a:0:{},a:0:{},3.4.2,,a:0:{},0,0,,,,,,,,,,,,,,,,
534,"Rijst 4x125g","Product: Rijst in builtjes
Formaat: 4x125g",,20180701,product,https://www.wingparent.be/product/rijst-4x125g/,285,nl,0,,0.46,0.46,,instock,,,0,"Aantal kg",,no,no,no,aantalkg,,no,no,no,Color,,no,no,no,Maat,,no,no,no,Merk,,no,no,no,,visible,,,,,,,,simple,,"Supermarkt>Pasta &amp; Rijst",builtjes|langkorrel|langkorrelrijst|rijst,publish,1,wpadmin,karen@leonfurrow.com,Daniela,ddd,rijst-4x125g,,,0,0,open,closed,20180701,no,no,,no,,,,,,,no,no,,,,,-1,-1,,,no,taxable,6vat,,a:0:{},a:0:{},3.4.2,,a:0:{},0,0,,,,,,,,,,,,,,,,
536,"Smeerboter Omega 3 500g","Product: Smeerboter met Omega 3 in vlootje
Formaat: 500g",,20180701,product,https://www.wingparent.be/product/smeerboter-omega-3-500g/,290,nl,0,,0.87,0.87,,instock,,,0,"Aantal kg",,no,no,no,aantalkg,,no,no,no,Color,,no,no,no,Maat,,no,no,no,Merk,,no,no,no,,visible,,,,,,,,simple,,Supermarkt>Brood/Beleg/Ontbijt,"3|boter|margarine|omega|omega 3|smeerboter|vlootje",publish,1,wpadmin,karen@leonfurrow.com,Daniela,ddd,smeerboter-omega-3-500g,,,0,0,open,closed,20180701,no,no,,no,,,,,,,no,no,,,,,-1,-1,,,no,taxable,6vat,,a:0:{},a:0:{},3.4.2,,a:0:{},0,0,,,,,,,,,,,,,,,,
538,"Betterfood Lu 175g (6m+)","Product: Betterfood Lu, pletkoekjes voor + 6 maanden
Formaat: 175g",,20180701,product,https://www.wingparent.be/product/betterfood-lu-175g-voor-6m/,299,nl,0,,1.26,1.26,,instock,,,0,"Aantal kg",,no,no,no,aantalkg,,no,no,no,Color,,no,no,no,Maat,,no,no,no,Merk,,no,no,no,,visible,,,,,,,,simple,,"Supermarkt>Babyvoeding &amp; koeken","6|6 maanden|6m+|baby|betterfood|fruitpap|koek|koekjesmeel|lu|ouder dan 6 maanden|pletkoek|pletkoekjes|verdikking",publish,1,wpadmin,karen@leonfurrow.com,Daniela,ddd,betterfood-lu-175g-voor-6m,,,0,0,open,closed,20180701,no,no,,no,,,,,,,no,no,,,,,-1,-1,,,no,taxable,6vat,,a:0:{},a:0:{},3.4.2,,a:0:{},0,0,,,,,,,,,,,,,,,,
540,"Confituur aardbei 450g","Product: Confituur aardbei
Formaat: 450g",,20180701,product,https://www.wingparent.be/product/confituur-aardbei-450g/,313,nl,0,,0.77,0.77,,instock,,,0,"Aantal kg",,no,no,no,aantalkg,,no,no,no,Color,,no,no,no,Maat,,no,no,no,Merk,,no,no,no,,visible,,,,,,,,simple,,Supermarkt>Brood/Beleg/Ontbijt,aardbei|aardbeien|aardbeienconfituur|confituur|rood|vruchten,publish,1,wpadmin,karen@leonfurrow.com,Daniela,ddd,confituur-aardbei-450g,,,0,0,open,closed,20180701,no,no,,no,,,,,,,no,no,,,,,-1,-1,,,no,taxable,6vat,,a:0:{},a:0:{},3.4.2,,a:0:{},0,0,,,,,,,,,,,,,,,,
542,"Elvea tomatenblokjes met verse groenten 800g","Product: Elvea tomatenblokjes met verse groenten in blik
Formaat: 800g",,20180701,product,https://www.wingparent.be/product/elvea-tomatenblokjes-met-verse-groenten-800g/,321,nl,0,,3.44,3.44,,instock,,,0,"Aantal kg",,no,no,no,aantalkg,,no,no,no,Color,,no,no,no,Maat,,no,no,no,Merk,,no,no,no,,visible,,,,,,,,simple,,"Supermarkt>Blik &amp; brik","blik|elvea|tomaten|tomatenblok|tomatenblokjes|verse groenten",publish,1,wpadmin,karen@leonfurrow.com,Daniela,ddd,elvea-tomatenblokjes-met-verse-groenten-800g,,,0,0,open,closed,20180701,no,no,,no,,,,,,,no,no,,,,,-1,-1,,,no,taxable,6vat,,a:0:{},a:0:{},3.4.2,,a:0:{},0,0,,,,,,,,,,,,,,,,
545,"Bakboter 500g","Product: Bakboter
Formaat: 500g",,20180701,product,https://www.wingparent.be/product/bakboter-500g/,328,nl,0,,0.63,0.63,,instock,,,0,"Aantal kg",,no,no,no,aantalkg,,no,no,no,Color,,no,no,no,Maat,,no,no,no,Merk,,no,no,no,,visible,,,,,,,,simple,,"Supermarkt>Smaakmaker/ olie/ toppings",bakboter|bakken|boter|braden|margarine|olie|vet,publish,1,wpadmin,karen@leonfurrow.com,Daniela,ddd,bakboter-500g,,,0,0,open,closed,20180701,no,no,,no,,,,,,,no,no,,,,,-1,-1,,,no,taxable,6vat,,a:0:{},a:0:{},3.4.2,,a:0:{},0,0,,,,,,,,,,,,,,,,
547,"Brood volkoren 800g (gesneden)","Product: Brood volkoren (gesneden)
Formaat: 800g",,20180701,product,https://www.wingparent.be/product/brood-volkoren-800g/,334,nl,0,,1.20,1.20,,instock,,,0,"Aantal kg",,no,no,no,aantalkg,,no,no,no,Color,,no,no,no,Maat,,no,no,no,Merk,,no,no,no,,visible,,,,,,,,simple,,Supermarkt>Brood/Beleg/Ontbijt,brood|volkoren|volkorenbrood,publish,1,wpadmin,karen@leonfurrow.com,Daniela,ddd,brood-volkoren-800g,,,0,0,open,closed,20180701,no,no,,no,,,,,,,no,no,,,,,-1,-1,,,no,taxable,6vat,,a:0:{},a:0:{},3.4.2,,a:0:{},0,0,,,,,,,,,,,,,,,,
550,"Diepvries bloemkool 1kg","Product: Diepvries bloemkool 
Formaat: 1 kg",,20180701,product,https://www.wingparent.be/product/diepvries-bloemkool-1kg/,338,nl,0,,1.16,1.16,,instock,,,0,"Aantal kg",,no,no,no,aantalkg,,no,no,no,Color,,no,no,no,Maat,,no,no,no,Merk,,no,no,no,,visible,,,,,,,,simple,,Supermarkt>Groenten,"bloemkool|Diepvries|diepvries bloemkool",publish,1,wpadmin,karen@leonfurrow.com,Daniela,ddd,diepvries-bloemkool-1kg,,,0,0,open,closed,20180701,no,no,,no,,,,,,,no,no,,,,,-1,-1,,,no,taxable,6vat,,a:0:{},a:0:{},3.4.2,,a:0:{},0,0,,,,,,,,,,,,,,,,
553,"Diepvries broccoli 1kg","Product: Diepvries broccoli
Formaat: 1 kg",,20180701,product,https://www.wingparent.be/product/diepvries-broccoli-1kg/,343,nl,0,,1.11,1.11,,instock,,,0,"Aantal kg",,no,no,no,aantalkg,,no,no,no,Color,,no,no,no,Maat,,no,no,no,Merk,,no,no,no,,visible,,,,,,,,simple,,Supermarkt>Groenten,"broccoli|Diepvries|diepvries broccoli",publish,1,wpadmin,karen@leonfurrow.com,Daniela,ddd,diepvries-broccoli-1kg,,,0,0,open,closed,20180701,no,no,,no,,,,,,,no,no,,,,,-1,-1,,,no,taxable,6vat,,a:0:{},a:0:{},3.4.2,,a:0:{},0,0,,,,,,,,,,,,,,,,
555,"Diepvries soepgroenten 1,5kg","Product: Diepvries soepgroenten
Formaat: 1,5 kg",,20180701,product,https://www.wingparent.be/product/diepvries-soepgroenten-15kg/,346,nl,0,,1.41,1.41,,instock,,,0,"Aantal kg",,no,no,no,aantalkg,,no,no,no,Color,,no,no,no,Maat,,no,no,no,Merk,,no,no,no,,visible,,,,,,,,simple,,Supermarkt>Groenten,"Diepvries|diepvries soepgroenten|soep|soepgroenten",publish,1,wpadmin,karen@leonfurrow.com,Daniela,ddd,diepvries-soepgroenten-15kg,,,0,0,open,closed,20180701,no,no,,no,,,,,,,no,no,,,,,-1,-1,,,no,taxable,6vat,,a:0:{},a:0:{},3.4.2,,a:0:{},0,0,,,,,,,,,,,,,,,,
557,"Diepvries kipborstfilet 1kg","Product: Diepvries kipborstfilet
Formaat: 1 kg",,20180701,product,https://www.wingparent.be/product/diepvries-kipborstfilet-1kg/,350,nl,0,,5.08,5.08,,instock,,,0,"Aantal kg",,no,no,no,aantalkg,,no,no,no,Color,,no,no,no,Maat,,no,no,no,Merk,,no,no,no,,visible,,,,,,,,simple,,Supermarkt>Vlees/Vis/Veggie,"Diepvries|diepvries kip|diepvries kipborstfilet|diepvries kipfilet|kip|kipborstfilet|kipfilet|vlees",publish,1,wpadmin,karen@leonfurrow.com,Daniela,ddd,diepvries-kipborstfilet-1kg,,,0,0,open,closed,20180701,no,no,,no,,,,,,,no,no,,,,,-1,-1,,,no,taxable,6vat,,a:0:{},a:0:{},3.4.2,,a:0:{},0,0,,,,,,,,,,,,,,,,
559,"Diepvries kalkoen filet 1kg","Product: Diepvries kalkoen filet
Formaat: 1 kg",,20180701,product,https://www.wingparent.be/product/diepvries-kalkoen-filet-1kg/,356,nl,0,,12.22,12.22,,instock,,,0,"Aantal kg",,no,no,no,aantalkg,,no,no,no,Color,,no,no,no,Maat,,no,no,no,Merk,,no,no,no,,visible,,,,,,,,simple,,Supermarkt>Vlees/Vis/Veggie,"Diepvries|diepvries filet|diepvries kalkoen|diepvries kalkoenfilet|filet|kalkoen|kalkoenfilet|vlees",publish,1,wpadmin,karen@leonfurrow.com,Daniela,ddd,diepvries-kalkoen-filet-1kg,,,0,0,open,closed,20180701,no,no,,no,,,,,,,no,no,,,,,-1,-1,,,no,taxable,6vat,,a:0:{},a:0:{},3.4.2,,a:0:{},0,0,,,,,,,,,,,,,,,,
561,"Diepvries worst (rund-varken) 1kg","Product: Diepvries worst, rund-varken
Formaat: 1 kg",,20180701,product,https://www.wingparent.be/product/diepvries-worst-rund-varken-1kg/,363,nl,0,,6.51,6.51,,instock,,,0,"Aantal kg",,no,no,no,aantalkg,,no,no,no,Color,,no,no,no,Maat,,no,no,no,Merk,,no,no,no,,visible,,,,,,,,simple,,Supermarkt>Vlees/Vis/Veggie,"Diepvries|diepvriesworsten|rund|rund-varken|varken|worst|worsten|worsten rund-varken",publish,1,wpadmin,karen@leonfurrow.com,Daniela,ddd,diepvries-worst-rund-varken-1kg,,,0,0,open,closed,20180701,no,no,,no,,,,,,,no,no,,,,,-1,-1,,,no,taxable,6vat,,a:0:{},a:0:{},3.4.2,,a:0:{},0,0,,,,,,,,,,,,,,,,
563,"Diepvries wortelblokjes 2.5kg","Product: Diepvries wortelblokjes
Formaat: 2.5 kg",,20180701,product,https://www.wingparent.be/product/diepvries-wortelblokjes-2-5kg/,371,nl,0,,2.81,2.81,,instock,,,0,"Aantal kg",,no,no,no,aantalkg,,no,no,no,Color,,no,no,no,Maat,,no,no,no,Merk,,no,no,no,,visible,,,,,,,,simple,,Supermarkt>Groenten,"blokjes|Diepvries|diepvries wortelen|wortel|wortelblok|wortelblokjes|wortelen",publish,1,wpadmin,karen@leonfurrow.com,Daniela,ddd,diepvries-wortelblokjes-2-5kg,,,0,0,open,closed,20180701,no,no,,no,,,,,,,no,no,,,,,-1,-1,,,no,taxable,6vat,,a:0:{},a:0:{},3.4.2,,a:0:{},0,0,,,,,,,,,,,,,,,,
565,"Diepvries spinazie 2.5kg","Product: Diepvries spinazie
Formaat: 2.5 kg",,20180701,product,https://www.wingparent.be/product/diepvries-spinazie-2-5kg/,378,nl,0,,2.81,2.81,,instock,,,0,"Aantal kg",,no,no,no,aantalkg,,no,no,no,Color,,no,no,no,Maat,,no,no,no,Merk,,no,no,no,,visible,,,,,,,,simple,,Supermarkt>Groenten,"Diepvries|diepvries spinazie|diepvries spinazie zonder room|spinazie|zonder room",publish,1,wpadmin,karen@leonfurrow.com,Daniela,ddd,diepvries-spinazie-2-5kg,,,0,0,open,closed,20180701,no,no,,no,,,,,,,no,no,,,,,-1,-1,,,no,taxable,6vat,,a:0:{},a:0:{},3.4.2,,a:0:{},0,0,,,,,,,,,,,,,,,,
567,"Kipfilet sneetjes 200g","Product: Kipfilet sneetjes
Formaat: 200g",,20180701,product,https://www.wingparent.be/product/kipfilet-sneetjes-200g/,383,nl,0,,1.20,1.20,,instock,,,0,"Aantal kg",,no,no,no,aantalkg,,no,no,no,Color,,no,no,no,Maat,,no,no,no,Merk,,no,no,no,,visible,,,,,,,,simple,,Supermarkt>Brood/Beleg/Ontbijt,beleg|kip|kipfilet|kippenwit|snee|sneetjes,publish,1,wpadmin,karen@leonfurrow.com,Daniela,ddd,kipfilet-sneetjes-200g,,,0,0,open,closed,20180701,no,no,,no,,,,,,,no,no,,,,,-1,-1,,,no,taxable,6vat,,a:0:{},a:0:{},3.4.2,,a:0:{},0,0,,,,,,,,,,,,,,,,
569,"Ham in sneetjes, gekookt, ontvet, 250g","Product: Ham in sneetjes, gekookt en ontvet
Formaat: 250g",,20180701,product,https://www.wingparent.be/product/ham-gekookt-ontvet-250g/,388,nl,0,,2.22,2.22,,instock,,,0,"Aantal kg",,no,no,no,aantalkg,,no,no,no,Color,,no,no,no,Maat,,no,no,no,Merk,,no,no,no,,visible,,,,,,,,simple,,Supermarkt>Brood/Beleg/Ontbijt,"beleg|gekookt|gekookte ham|ham|hesp|ontvet|ontvette ham|snee|sneetjes",publish,1,wpadmin,karen@leonfurrow.com,Daniela,ddd,ham-gekookt-ontvet-250g,,,0,0,open,closed,20180701,no,no,,no,,,,,,,no,no,,,,,-1,-1,,,no,taxable,6vat,,a:0:{},a:0:{},3.4.2,,a:0:{},0,0,,,,,,,,,,,,,,,,
571,"Hamblokjes 250g","Product: hamblokjes
Formaat: 250g",,20180701,product,https://www.wingparent.be/product/hamblokjes-250g/,395,nl,0,,1.64,1.64,,instock,,,0,"Aantal kg",,no,no,no,aantalkg,,no,no,no,Color,,no,no,no,Maat,,no,no,no,Merk,,no,no,no,,visible,,,,,,,,simple,,Supermarkt>Vlees/Vis/Veggie,ham|hamblok|hamblokjes|hesp|hespenblok|hespenblokjes,publish,1,wpadmin,karen@leonfurrow.com,Daniela,ddd,hamblokjes-250g,,,0,0,open,closed,20180701,no,no,,no,,,,,,,no,no,,,,,-1,-1,,,no,taxable,6vat,,a:0:{},a:0:{},3.4.2,,a:0:{},0,0,,,,,,,,,,,,,,,,
574,"Gehakt rund-varken 500g","Product: Gehakt rund-varken
Formaat: 500g",,20180701,product,https://www.wingparent.be/product/gehakt-rund-varken-500g/,400,nl,0,,5.61,5.61,,instock,,,0,"Aantal kg",,no,no,no,aantalkg,,no,no,no,Color,,no,no,no,Maat,,no,no,no,Merk,,no,no,no,,visible,,,,,,,,simple,,Supermarkt>Vlees/Vis/Veggie,"bereid gehakt|gehakt|rund|rund-varken|varken",publish,1,wpadmin,karen@leonfurrow.com,Daniela,ddd,gehakt-rund-varken-500g,,,0,0,open,closed,20180701,no,no,,no,,,,,,,no,no,,,,,-1,-1,,,no,taxable,6vat,,a:0:{},a:0:{},3.4.2,,a:0:{},0,0,,,,,,,,,,,,,,,,
576,"Aardappelen 5kg (groot formaat)","Product: Aardappelen
Formaat: 5 kg",,20180701,product,https://www.wingparent.be/product/aardappelen-5kg-groot-formaat/,403,nl,0,,4.71,4.71,,instock,,,0,"Aantal kg",,no,no,no,aantalkg,,no,no,no,Color,,no,no,no,Maat,,no,no,no,Merk,,no,no,no,,visible,,,,,,,,simple,,Supermarkt>Aardappelen,"aardappel|aardappelen|grote aardappel|grote aardappelen",publish,1,wpadmin,karen@leonfurrow.com,Daniela,ddd,aardappelen-5kg-groot-formaat,,,0,0,open,closed,20180701,no,no,,no,,,,,,,no,no,,,,,-1,-1,,,no,taxable,6vat,,a:0:{},a:0:{},3.4.2,,a:0:{},0,0,,,,,,,,,,,,,,,,
578,Sla,"Product: Sla
Formaat: 1 stuk",,20180701,product,https://www.wingparent.be/product/sla/,408,nl,0,,0.84,0.84,,instock,,,0,"Aantal kg",,no,no,no,aantalkg,,no,no,no,Color,,no,no,no,Maat,,no,no,no,Merk,,no,no,no,,visible,,,,,,,,simple,,Supermarkt>Groenten,"broccoli|Diepvries|diepvries broccoli",publish,1,wpadmin,karen@leonfurrow.com,Daniela,ddd,sla,,,0,0,open,closed,20180701,no,no,,no,,,,,,,no,no,,,,,-1,-1,,,no,taxable,6vat,,a:0:{},a:0:{},3.4.2,,a:0:{},0,0,,,,,,,,,,,,,,,,
580,"Bananen, meer geel dan groen, 1kg","Product: Bananen, de bananen zijn meer geel dan groen
Formaat: 1kg",,20180701,product,https://www.wingparent.be/product/bananen-meer-geel-dan-groen-1kg/,409,nl,0,,0.94,0.94,,instock,,,0,"Aantal kg",,no,no,no,aantalkg,,no,no,no,Color,,no,no,no,Maat,,no,no,no,Merk,,no,no,no,,visible,,,,,,,,simple,,Supermarkt>Fruit,"banaan|bananen|fruit|geel|gele bananen",publish,1,wpadmin,karen@leonfurrow.com,Daniela,ddd,bananen-meer-geel-dan-groen-1kg,,,0,0,open,closed,20180701,no,no,,no,,,,,,,no,no,,,,,-1,-1,,,no,taxable,6vat,,a:0:{},a:0:{},3.4.2,,a:0:{},0,0,,,,,,,,,,,,,,,,
582,"Bananen, meer groen dan geel, 1kg","Product: Bananen, de bananen zijn meer groen dan geel
Formaat: 1kg",,20180701,product,https://www.wingparent.be/product/bananen-meer-groen-dan-geel-1kg/,415,nl,0,,0.94,0.94,,instock,,,0,"Aantal kg",,no,no,no,aantalkg,,no,no,no,Color,,no,no,no,Maat,,no,no,no,Merk,,no,no,no,,visible,,,,,,,,simple,,Supermarkt>Fruit,"banaan|bananen|fruit|groen|groene bananen",publish,1,wpadmin,karen@leonfurrow.com,Daniela,ddd,bananen-meer-groen-dan-geel-1kg,,,0,0,open,closed,20180701,no,no,,no,,,,,,,no,no,,,,,-1,-1,,,no,taxable,6vat,,a:0:{},a:0:{},3.4.2,,a:0:{},0,0,,,,,,,,,,,,,,,,
584,"Meloen Galia","Product: Meloen Galia
Formaat: 1kg",,20180701,product,https://www.wingparent.be/product/meloen-galia/,418,nl,0,,1.45,1.45,,instock,,,0,"Aantal kg",,no,no,no,aantalkg,,no,no,no,Color,,no,no,no,Maat,,no,no,no,Merk,,no,no,no,,visible,,,,,,,,simple,,Supermarkt>Fruit,"fruit|galia|galia meloen|meloen|meloenen",publish,1,wpadmin,karen@leonfurrow.com,Daniela,ddd,meloen-galia,,,0,0,open,closed,20180701,no,no,,no,,,,,,,no,no,,,,,-1,-1,,,no,taxable,6vat,,a:0:{},a:0:{},3.4.2,,a:0:{},0,0,,,,,,,,,,,,,,,,
586,"Ananas in schijfjes in blik 580ml","Product: Ananas in schijfjes in blik
Formaat: 580ml",,20180701,product,https://www.wingparent.be/product/ananas-in-schijfjes-in-blik-580ml/,423,nl,0,,0.90,0.90,,instock,,,0,"Aantal kg",,no,no,no,aantalkg,,no,no,no,Color,,no,no,no,Maat,,no,no,no,Merk,,no,no,no,,visible,,,,,,,,simple,,"Supermarkt>Blik &amp; brik","ananas|ananas in blik|ananas in schijfjes|blik|siroop",publish,1,wpadmin,karen@leonfurrow.com,Daniela,ddd,ananas-in-schijfjes-in-blik-580ml,,,0,0,open,closed,20180701,no,no,,no,,,,,,,no,no,,,,,-1,-1,,,no,taxable,6vat,,a:0:{},a:0:{},3.4.2,,a:0:{},0,0,,,,,,,,,,,,,,,,
588,"Wasmiddel hypoallergeen, vloeibaar geconcentr. 1.9l","Product: Wasmiddel hypoallergeen, vloeibaar, geconcentreerd
Formaat: 1,9l",,20180701,product,https://www.wingparent.be/product/wasmiddel-hypoallergeen-vloeibaar-geconcentr-1-9l/,428,nl,0,,4.10,4.10,,instock,,,0,"Aantal kg",,no,no,no,aantalkg,,no,no,no,Color,,no,no,no,Maat,,no,no,no,Merk,,no,no,no,,visible,,,,,,,,simple,,Supermarkt>Vaatwas/Wassen/Poetsen,"allergisch|geconcentreerd|hypoallergeen|vloeibaar|vloeibaar wasmiddel|was|wasmiddel|wassen",publish,1,wpadmin,karen@leonfurrow.com,Daniela,ddd,wasmiddel-hypoallergeen-vloeibaar-geconcentr-1-9l,,,0,0,open,closed,20180701,no,no,,no,,,,,,,no,no,,,,,-1,-1,,,no,taxable,21vat,,a:0:{},a:0:{},3.4.2,,a:0:{},0,0,,,,,,,,,,,,,,,,
590,"Koffiemelk in cups (10st)","Product: Koffiemelk in cups 
Formaat: 10st",,20180702,product,https://www.wingparent.be/product/koffiemelk-in-cups-10st/,437,nl,0,,0.56,0.56,,instock,,,0,"Aantal kg",,no,no,no,aantalkg,,no,no,no,Color,,no,no,no,Maat,,no,no,no,Merk,,no,no,no,,visible,,,,,,,,simple,,Supermarkt>Dranken,"cup koffiemelk|cups|koffie|koffiecups|melk",publish,1,wpadmin,karen@leonfurrow.com,Daniela,ddd,koffiemelk-in-cups-10st,,,0,0,open,closed,20180702,no,no,,no,,,,,,,no,no,,,,,-1,-1,,,no,taxable,6vat,,a:0:{},a:0:{},3.4.2,,a:0:{},0,0,,,,,,,,,,,,,,,,
592,"Jonge kaas gouda 500g","Product: jonge kaas gouda
Formaat: 500g",,20180702,product,https://www.wingparent.be/product/jonge-kaas-gouda-500g/,438,nl,0,,3.70,3.70,,instock,,,0,"Aantal kg",,no,no,no,aantalkg,,no,no,no,Color,,no,no,no,Maat,,no,no,no,Merk,,no,no,no,,visible,,,,,,,,simple,,Supermarkt>Brood/Beleg/Ontbijt,"gouda|jong|jonge|jonge kaas|kaas|zuivel",publish,1,wpadmin,karen@leonfurrow.com,Daniela,ddd,jonge-kaas-gouda-500g,,,0,0,open,closed,20180702,no,no,,no,,,,,,,no,no,,,,,-1,-1,,,no,taxable,6vat,,a:0:{},a:0:{},3.4.2,,a:0:{},0,0,,,,,,,,,,,,,,,,
595,"Smeerkaas 200g","Product: Smeerkaas in vlootje
Formaat: 200g",,20180702,product,https://www.wingparent.be/product/smeerkaas-200g/,448,nl,0,,0.84,0.84,,instock,,,0,"Aantal kg",,no,no,no,aantalkg,,no,no,no,Color,,no,no,no,Maat,,no,no,no,Merk,,no,no,no,,visible,,,,,,,,simple,,Supermarkt>Brood/Beleg/Ontbijt,kaas|smeerkaas|vlootje|zuivel,publish,1,wpadmin,karen@leonfurrow.com,Daniela,ddd,smeerkaas-200g,,,0,0,open,closed,20180702,no,no,,no,,,,,,,no,no,,,,,-1,-1,,,no,taxable,6vat,,a:0:{},a:0:{},3.4.2,,a:0:{},0,0,,,,,,,,,,,,,,,,
597,"Emmental geraspte kaas 100g","Product: Emmental geraspte kaas
Formaat: 100g",,20180702,product,https://www.wingparent.be/product/emmental-geraspte-kaas-100g/,450,nl,0,,0.66,0.66,,instock,,,0,"Aantal kg",,no,no,no,aantalkg,,no,no,no,Color,,no,no,no,Maat,,no,no,no,Merk,,no,no,no,,visible,,,,,,,,simple,,"Supermarkt>Smaakmaker/ olie/ toppings","emmental|emmentaler|geraspt|geraspte|geraspte kaas|kaas",publish,1,wpadmin,karen@leonfurrow.com,Daniela,ddd,emmental-geraspte-kaas-100g,,,0,0,open,closed,20180702,no,no,,no,,,,,,,no,no,,,,,-1,-1,,,no,taxable,6vat,,a:0:{},a:0:{},3.4.2,,a:0:{},0,0,,,,,,,,,,,,,,,,
599,"Keukenzout 1kg","Product: Keukenzout
Formaat: 1kg",,20180702,product,https://www.wingparent.be/product/keukenzout-1kg/,456,nl,0,,0.23,0.23,,instock,,,0,"Aantal kg",,no,no,no,aantalkg,,no,no,no,Color,,no,no,no,Maat,,no,no,no,Merk,,no,no,no,,visible,,,,,,,,simple,,"Supermarkt>Smaakmaker/ olie/ toppings",keukenzout|kruiden|zout,publish,1,wpadmin,karen@leonfurrow.com,Daniela,ddd,keukenzout-1kg,,,0,0,open,closed,20180702,no,no,,no,,,,,,,no,no,,,,,-1,-1,,,no,taxable,6vat,,a:0:{},a:0:{},3.4.2,,a:0:{},0,0,,,,,,,,,,,,,,,,
602,"Vloeiende bloem 1kg","Product: Vloeiende bloem
Formaat: 1kg",,20180702,product,https://www.wingparent.be/product/vloeiende-bloem-1kg/,462,nl,0,,1.03,1.03,,instock,,,0,"Aantal kg",,no,no,no,aantalkg,,no,no,no,Color,,no,no,no,Maat,,no,no,no,Merk,,no,no,no,,visible,,,,,,,,simple,,Supermarkt>Bloem/Bakken/Cake,"bloem|vloeiend|vloeiende|vloeiende bloem",publish,1,wpadmin,karen@leonfurrow.com,Daniela,ddd,vloeiende-bloem-1kg,,,0,0,open,closed,20180702,no,no,,no,,,,,,,no,no,,,,,-1,-1,,,no,taxable,6vat,,a:0:{},a:0:{},3.4.2,,a:0:{},0,0,,,,,,,,,,,,,,,,
604,"Siroop 450g","Product: Siroop
Formaat: 450g",,20180702,product,https://www.wingparent.be/product/siroop-450g/,467,nl,0,,1.03,1.03,,instock,,,0,"Aantal kg",,no,no,no,aantalkg,,no,no,no,Color,,no,no,no,Maat,,no,no,no,Merk,,no,no,no,,visible,,,,,,,,simple,,Supermarkt>Brood/Beleg/Ontbijt,siroop,publish,1,wpadmin,karen@leonfurrow.com,Daniela,ddd,siroop-450g,,,0,0,open,closed,20180702,no,no,,no,,,,,,,no,no,,,,,-1,-1,,,no,taxable,6vat,,a:0:{},a:0:{},3.4.2,,a:0:{},0,0,,,,,,,,,,,,,,,,
606,"Speculoospasta 400g","Product: Speculoospasta
Formaat: 400g",,20180702,product,https://www.wingparent.be/product/speculoospasta-400g/,468,nl,0,,1.86,1.86,,instock,,,0,"Aantal kg",,no,no,no,aantalkg,,no,no,no,Color,,no,no,no,Maat,,no,no,no,Merk,,no,no,no,,visible,,,,,,,,simple,,Supermarkt>Brood/Beleg/Ontbijt,pasta|speculaas|speculaaspasta|speculoos|speculoospasta,publish,1,wpadmin,karen@leonfurrow.com,Daniela,ddd,speculoospasta-400g,,,0,0,open,closed,20180702,no,no,,no,,,,,,,no,no,,,,,-1,-1,,,no,taxable,6vat,,a:0:{},a:0:{},3.4.2,,a:0:{},0,0,,,,,,,,,,,,,,,,
608,"Diepvries schnitzel 1kg","Product: Diepvries schnitzel
Formaat: 1 kg",,20180702,product,https://www.wingparent.be/product/diepvries-schnitzel-1kg/,469,nl,0,,8.67,8.67,,instock,,,0,"Aantal kg",,no,no,no,aantalkg,,no,no,no,Color,,no,no,no,Maat,,no,no,no,Merk,,no,no,no,,visible,,,,,,,,simple,,Supermarkt>Vlees/Vis/Veggie,Diepvries|schnitzel,publish,1,wpadmin,karen@leonfurrow.com,Daniela,ddd,diepvries-schnitzel-1kg,,,0,0,open,closed,20180702,no,no,,no,,,,,,,no,no,,,,,-1,-1,,,no,taxable,6vat,,a:0:{},a:0:{},3.4.2,,a:0:{},0,0,,,,,,,,,,,,,,,,
610,"Diepvries wortelen erwten 1,5kg","Product: Diepvries wortelen erwten
Formaat: 1,5 kg",,20180702,product,https://www.wingparent.be/product/diepvries-wortelen-erwten-15kg/,470,nl,0,,1.83,1.83,,instock,,,0,"Aantal kg",,no,no,no,aantalkg,,no,no,no,Color,,no,no,no,Maat,,no,no,no,Merk,,no,no,no,,visible,,,,,,,,simple,,Supermarkt>Groenten,"Diepvries|erwten|erwten en wortelen|erwten-wortelen|groenten|wortelen|wortelen en erwten|wortelen-erwten",publish,1,wpadmin,karen@leonfurrow.com,Daniela,ddd,diepvries-wortelen-erwten-15kg,,,0,0,open,closed,20180702,no,no,,no,,,,,,,no,no,,,,,-1,-1,,,no,taxable,6vat,,a:0:{},a:0:{},3.4.2,,a:0:{},0,0,,,,,,,,,,,,,,,,
614,"Diepvries hamburger 1kg","Product: Diepvries hamburger
Formaat: 1 kg",,20180702,product,https://www.wingparent.be/product/diepvries-hamburger-1kg/,481,nl,0,,8.44,8.44,,instock,,,0,"Aantal kg",,no,no,no,aantalkg,,no,no,no,Color,,no,no,no,Maat,,no,no,no,Merk,,no,no,no,,visible,,,,,,,,simple,,Supermarkt>Vlees/Vis/Veggie,Diepvries|hamburger,publish,1,wpadmin,karen@leonfurrow.com,Daniela,ddd,diepvries-hamburger-1kg,,,0,0,open,closed,20180702,no,no,,no,,,,,,,no,no,,,,,-1,-1,,,no,taxable,6vat,,a:0:{},a:0:{},3.4.2,,a:0:{},0,0,,,,,,,,,,,,,,,,
616,Sinaasappelen,"Product: Sinaasappelen
Formaat: 4kg",,20180702,product,https://www.wingparent.be/product/sinaasappelen/,483,nl,0,,3.25,3.25,,instock,,,0,"Aantal kg",,no,no,no,aantalkg,,no,no,no,Color,,no,no,no,Maat,,no,no,no,Merk,,no,no,no,,visible,,,,,,,,simple,,Supermarkt>Fruit,appelsien|appelsienen|fruit|sinaasappel|sinaasappelen,publish,1,wpadmin,karen@leonfurrow.com,Daniela,ddd,sinaasappelen,,,0,0,open,closed,20180702,no,no,,no,,,,,,,no,no,,,,,-1,-1,,,no,taxable,6vat,,a:0:{},a:0:{},3.4.2,,a:0:{},0,0,,,,,,,,,,,,,,,,
618,"Appelen 2kg","Product: Appelen
Formaat: 2kg",,20180702,product,https://www.wingparent.be/product/appelen-2kg/,488,nl,0,,2.73,2.73,,instock,,,0,"Aantal kg",,no,no,no,aantalkg,,no,no,no,Color,,no,no,no,Maat,,no,no,no,Merk,,no,no,no,,visible,,,,,,,,simple,,Supermarkt>Fruit,appel|appelen|eetappel|eetappelen|fruit,publish,1,wpadmin,karen@leonfurrow.com,Daniela,ddd,appelen-2kg,,,0,0,open,closed,20180702,no,no,,no,,,,,,,no,no,,,,,-1,-1,,,no,taxable,6vat,,a:0:{},a:0:{},3.4.2,,a:0:{},0,0,,,,,,,,,,,,,,,,
620,"Kiwi 1kg","Product: Kiwi
Formaat: 1kg",,20180702,product,https://www.wingparent.be/product/kiwi-1kg/,493,nl,0,,2.35,2.35,,instock,,,0,"Aantal kg",,no,no,no,aantalkg,,no,no,no,Color,,no,no,no,Maat,,no,no,no,Merk,,no,no,no,,visible,,,,,,,,simple,,Supermarkt>Fruit,fruit|kiwi,publish,1,wpadmin,karen@leonfurrow.com,Daniela,ddd,kiwi-1kg,,,0,0,open,closed,20180702,no,no,,no,,,,,,,no,no,,,,,-1,-1,,,no,taxable,6vat,,a:0:{},a:0:{},3.4.2,,a:0:{},0,0,,,,,,,,,,,,,,,,
622,"Rode bieten 500g","Product: Rode bieten
Formaat: 500g",,20180702,product,https://www.wingparent.be/product/rode-bieten-500g/,495,nl,0,,1.27,1.27,,instock,,,0,"Aantal kg",,no,no,no,aantalkg,,no,no,no,Color,,no,no,no,Maat,,no,no,no,Merk,,no,no,no,,visible,,,,,,,,simple,,Supermarkt>Groenten,"biet|bieten|fruit|rode|rode biet|rode bieten|rood",publish,1,wpadmin,karen@leonfurrow.com,Daniela,ddd,rode-bieten-500g,,,0,0,open,closed,20180702,no,no,,no,,,,,,,no,no,,,,,-1,-1,,,no,taxable,6vat,,a:0:{},a:0:{},3.4.2,,a:0:{},0,0,,,,,,,,,,,,,,,,
624,"Peren 1kg","Product: Peren
Formaat: 1kg",,20180702,product,https://www.wingparent.be/product/peren-1kg/,501,nl,0,,1.69,1.69,,instock,,,0,"Aantal kg",,no,no,no,aantalkg,,no,no,no,Color,,no,no,no,Maat,,no,no,no,Merk,,no,no,no,,visible,,,,,,,,simple,,Supermarkt>Fruit,fruit|peer|peren,publish,1,wpadmin,karen@leonfurrow.com,Daniela,ddd,peren-1kg,,,0,0,open,closed,20180702,no,no,,no,,,,,,,no,no,,,,,-1,-1,,,no,taxable,6vat,,a:0:{},a:0:{},3.4.2,,a:0:{},0,0,,,,,,,,,,,,,,,,
626,"Diepvries ui gesneden 2.5kg","Product: Diepvries ui gesneden
Formaat: 2.5kg",,20180702,product,https://www.wingparent.be/product/diepvries-ui-gesneden-2-5kg/,504,nl,0,,3.47,3.47,,instock,,,0,"Aantal kg",,no,no,no,aantalkg,,no,no,no,Color,,no,no,no,Maat,,no,no,no,Merk,,no,no,no,,visible,,,,,,,,simple,,Supermarkt>Groenten,"ajuin|ajuinen|geneden ui|gesneden uien|ui|uien",publish,1,wpadmin,karen@leonfurrow.com,Daniela,ddd,diepvries-ui-gesneden-2-5kg,,,0,0,open,closed,20180702,no,no,,no,,,,,,,no,no,,,,,-1,-1,,,no,taxable,6vat,,a:0:{},a:0:{},3.4.2,,a:0:{},0,0,,,,,,,,,,,,,,,,
628,"Diepvries prei 2.5kg","Product: Diepvries prei
Formaat: 2.5kg",,20180702,product,https://www.wingparent.be/product/diepvries-prei-2-5kg/,511,nl,0,,3.09,3.09,,instock,,,0,"Aantal kg",,no,no,no,aantalkg,,no,no,no,Color,,no,no,no,Maat,,no,no,no,Merk,,no,no,no,,visible,,,,,,,,simple,,Supermarkt>Groenten,"Diepvries|diepvries gesneden prei|diepvries prei|gesneden prei|prei",publish,1,wpadmin,karen@leonfurrow.com,Daniela,ddd,diepvries-prei-2-5kg,,,0,0,open,closed,20180702,no,no,,no,,,,,,,no,no,,,,,-1,-1,,,no,taxable,6vat,,a:0:{},a:0:{},3.4.2,,a:0:{},0,0,,,,,,,,,,,,,,,,
631,"Passata 500g","Product: Passata
Formaat: 500g",,20180702,product,https://www.wingparent.be/product/passata-500g/,517,nl,0,,0.31,0.31,,instock,,,0,"Aantal kg",,no,no,no,aantalkg,,no,no,no,Color,,no,no,no,Maat,,no,no,no,Merk,,no,no,no,,visible,,,,,,,,simple,,"Supermarkt>Blik &amp; brik",passata,publish,1,wpadmin,karen@leonfurrow.com,Daniela,ddd,passata-500g,,,0,0,open,closed,20180702,no,no,,no,,,,,,,no,no,,,,,-1,-1,,,no,taxable,6vat,,a:0:{},a:0:{},3.4.2,,a:0:{},0,0,,,,,,,,,,,,,,,,
633,"Vuilzak 60l 15st","Product: Vuilzak 60l
Formaat: 15st",,20180702,product,https://www.wingparent.be/product/vuilzak-60l-15st/,519,nl,0,,0.62,0.62,,instock,,,0,"Aantal kg",,no,no,no,aantalkg,,no,no,no,Color,,no,no,no,Maat,,no,no,no,Merk,,no,no,no,,visible,,,,,,,,simple,,Supermarkt>Vaatwas/Wassen/Poetsen,afval|vuilniszak|vuilzak,publish,1,wpadmin,karen@leonfurrow.com,Daniela,ddd,vuilzak-60l-15st,,,0,0,open,closed,20180702,no,no,,no,,,,,,,no,no,,,,,-1,-1,,,no,taxable,21vat,,a:0:{},a:0:{},3.4.2,,a:0:{},0,0,,,,,,,,,,,,,,,,
636,"Afwasmiddel citroen 1l","Product: Afwasmiddel citroen
Formaat: 1l",,20180702,product,https://www.wingparent.be/product/afwasmiddel-citroen-1l/,523,nl,0,,0.54,0.54,,instock,,,0,"Aantal kg",,no,no,no,aantalkg,,no,no,no,Color,,no,no,no,Maat,,no,no,no,Merk,,no,no,no,,visible,,,,,,,,simple,,Supermarkt>Vaatwas/Wassen/Poetsen,afwas|afwasmiddel|citroen,publish,1,wpadmin,karen@leonfurrow.com,Daniela,ddd,afwasmiddel-citroen-1l,,,0,0,open,closed,20180702,no,no,,no,,,,,,,no,no,,,,,-1,-1,,,no,taxable,21vat,,a:0:{},a:0:{},3.4.2,,a:0:{},0,0,,,,,,,,,,,,,,,,
638,"WC ontkalker Harpic 750ml","Product: WC ontkalker Harpic
Formaat: 750ml",,20180702,product,https://www.wingparent.be/product/wc-ontkalker-harpic-750ml/,527,nl,0,,1.21,1.21,,instock,,,0,"Aantal kg",,no,no,no,aantalkg,,no,no,no,Color,,no,no,no,Maat,,no,no,no,Merk,,no,no,no,,visible,,,,,,,,simple,,Supermarkt>Vaatwas/Wassen/Poetsen,ontkalker|toiletreiniger|wc,publish,1,wpadmin,karen@leonfurrow.com,Daniela,ddd,wc-ontkalker-harpic-750ml,,,0,0,open,closed,20180702,no,no,,no,,,,,,,no,no,,,,,-1,-1,,,no,taxable,21vat,,a:0:{},a:0:{},3.4.2,,a:0:{},0,0,,,,,,,,,,,,,,,,
640,"Allesreiniger 2l","Product: Allesreiniger
Formaat: 2l",,20180702,product,https://www.wingparent.be/product/allesreiniger-2l/,531,nl,0,,0.74,0.74,,instock,,,0,"Aantal kg",,no,no,no,aantalkg,,no,no,no,Color,,no,no,no,Maat,,no,no,no,Merk,,no,no,no,,visible,,,,,,,,simple,,Supermarkt>Vaatwas/Wassen/Poetsen,allesreiniger|citroen|poetsmiddel,publish,1,wpadmin,karen@leonfurrow.com,Daniela,ddd,allesreiniger-2l,,,0,0,open,closed,20180702,no,no,,no,,,,,,,no,no,,,,,-1,-1,,,no,taxable,21vat,,a:0:{},a:0:{},3.4.2,,a:0:{},0,0,,,,,,,,,,,,,,,,
642,"Kruidenkaas 150g","Product: Kruidenkaas
Formaat: 150g",,20180702,product,https://www.wingparent.be/product/kruidenkaas-150g/,534,nl,0,,0.65,0.65,,instock,,,0,"Aantal kg",,no,no,no,aantalkg,,no,no,no,Color,,no,no,no,Maat,,no,no,no,Merk,,no,no,no,,visible,,,,,,,,simple,,Supermarkt>Brood/Beleg/Ontbijt,kaas|kruiden|kruidenkaas|zuivel,publish,1,wpadmin,karen@leonfurrow.com,Daniela,ddd,kruidenkaas-150g,,,0,0,open,closed,20180702,no,no,,no,,,,,,,no,no,,,,,-1,-1,,,no,taxable,6vat,,a:0:{},a:0:{},3.4.2,,a:0:{},0,0,,,,,,,,,,,,,,,,
644,"Olijfolie EV 1l","Product: Olijfolie extra vergine
Formaat: 1l",,20180702,product,https://www.wingparent.be/product/olijfolie-ev-1l/,536,nl,0,,4.08,4.08,,instock,,,0,"Aantal kg",,no,no,no,aantalkg,,no,no,no,Color,,no,no,no,Maat,,no,no,no,Merk,,no,no,no,,visible,,,,,,,,simple,,"Supermarkt>Smaakmaker/ olie/ toppings","extra vergine|olie|olijfolie|vergine",publish,1,wpadmin,karen@leonfurrow.com,Daniela,ddd,olijfolie-ev-1l,,,0,0,open,closed,20180702,no,no,,no,,,,,,,no,no,,,,,-1,-1,,,no,taxable,6vat,,a:0:{},a:0:{},3.4.2,,a:0:{},0,0,,,,,,,,,,,,,,,,
646,"Chocopasta 750g","Product: Chocopasta
Formaat: 750g",,20180702,product,https://www.wingparent.be/product/chocopasta-750g/,540,nl,0,,1.88,1.88,,instock,,,0,"Aantal kg",,no,no,no,aantalkg,,no,no,no,Color,,no,no,no,Maat,,no,no,no,Merk,,no,no,no,,visible,,,,,,,,simple,,Supermarkt>Brood/Beleg/Ontbijt,choco|chocolade|chocopasta,publish,1,wpadmin,karen@leonfurrow.com,Daniela,ddd,chocopasta-750g,,,0,0,open,closed,20180702,no,no,,no,,,,,,,no,no,,,,,-1,-1,,,no,taxable,6vat,,a:0:{},a:0:{},3.4.2,,a:0:{},0,0,,,,,,,,,,,,,,,,
648,"Cake tijgerrol","Product: Cake tijgerrol
Formaat: 300g",,20180702,product,https://www.wingparent.be/product/cake-tijgerrol/,544,nl,0,,0.81,0.81,,instock,,,0,"Aantal kg",,no,no,no,aantalkg,,no,no,no,Color,,no,no,no,Maat,,no,no,no,Merk,,no,no,no,,visible,,,,,,,,simple,,Supermarkt>Bloem/Bakken/Cake,"cake|cake tijgerrol|tijgerrol",publish,1,wpadmin,karen@leonfurrow.com,Daniela,ddd,cake-tijgerrol,,,0,0,open,closed,20180702,no,no,,no,,,,,,,no,no,,,,,-1,-1,,,no,taxable,6vat,,a:0:{},a:0:{},3.4.2,,a:0:{},0,0,,,,,,,,,,,,,,,,
650,"Diepvries bonen 1.5kg","Product: Diepvries bonen
Formaat: 1.5kg",,20180702,product,https://www.wingparent.be/product/diepvries-bonen-1-5kg/,548,nl,0,,1.70,1.70,,instock,,,0,"Aantal kg",,no,no,no,aantalkg,,no,no,no,Color,,no,no,no,Maat,,no,no,no,Merk,,no,no,no,,visible,,,,,,,,simple,,Supermarkt>Groenten,bonen|Diepvries,publish,1,wpadmin,karen@leonfurrow.com,Daniela,ddd,diepvries-bonen-1-5kg,,,0,0,open,closed,20180702,no,no,,no,,,,,,,no,no,,,,,-1,-1,,,no,taxable,6vat,,a:0:{},a:0:{},3.4.2,,a:0:{},0,0,,,,,,,,,,,,,,,,
652,"Diepvries tomatenblokjes 2.5kg","Product: Diepvries tomatenblokjes
Formaat: 2.5kg",,20180702,product,https://www.wingparent.be/product/diepvries-tomatenblokjes-2-5kg/,550,nl,0,,3.89,3.89,,instock,,,0,"Aantal kg",,no,no,no,aantalkg,,no,no,no,Color,,no,no,no,Maat,,no,no,no,Merk,,no,no,no,,visible,,,,,,,,simple,,Supermarkt>Groenten,"Diepvries|diepvries tomatenblokjes|tomaten|tomatenblok|tomatenblokjes",publish,1,wpadmin,karen@leonfurrow.com,Daniela,ddd,diepvries-tomatenblokjes-2-5kg,,,0,0,open,closed,20180702,no,no,,no,,,,,,,no,no,,,,,-1,-1,,,no,taxable,6vat,,a:0:{},a:0:{},3.4.2,,a:0:{},0,0,,,,,,,,,,,,,,,,
654,"Diepvries courgette schrijfjes 2.5kg","Product: Diepvries courgette in schijfjes
Formaat: 2.5kg",,20180702,product,https://www.wingparent.be/product/diepvries-courgette-schrijfjes-2-5kg/,552,nl,0,,4.13,4.13,,instock,,,0,"Aantal kg",,no,no,no,aantalkg,,no,no,no,Color,,no,no,no,Maat,,no,no,no,Merk,,no,no,no,,visible,,,,,,,,simple,,Supermarkt>Groenten,courgette|courgetteschijfjes|Diepvries|schijfjes,publish,1,wpadmin,karen@leonfurrow.com,Daniela,ddd,diepvries-courgette-schrijfjes-2-5kg,,,0,0,open,closed,20180702,no,no,,no,,,,,,,no,no,,,,,-1,-1,,,no,taxable,6vat,,a:0:{},a:0:{},3.4.2,,a:0:{},0,0,,,,,,,,,,,,,,,,
656,"Azijn 1,5l","Product: Azijn
Formaat: 1,5l",,20180702,product,https://www.wingparent.be/product/azijn-15l/,556,nl,0,,0.46,0.46,,instock,,,0,"Aantal kg",,no,no,no,aantalkg,,no,no,no,Color,,no,no,no,Maat,,no,no,no,Merk,,no,no,no,,visible,,,,,,,,simple,,"Supermarkt>Smaakmaker/ olie/ toppings",azijn,publish,1,wpadmin,karen@leonfurrow.com,Daniela,ddd,azijn-15l,,,0,0,open,closed,20180702,no,no,,no,,,,,,,no,no,,,,,-1,-1,,,no,taxable,6vat,,a:0:{},a:0:{},3.4.2,,a:0:{},0,0,,,,,,,,,,,,,,,,
658,"Billendoekjes 80st","Product: Baby billendoekjes
Formaat: 80st",,20180702,product,https://www.wingparent.be/product/billendoekjes-80st/,558,nl,0,,0.83,0.83,,instock,,,0,"Aantal kg",,no,no,no,aantalkg,,no,no,no,Color,,no,no,no,Maat,,no,no,no,Merk,,no,no,no,,visible,,,,,,,,simple,,Supermarkt>Verzorging,baby|billen|billendoekjes,publish,1,wpadmin,karen@leonfurrow.com,Daniela,ddd,billendoekjes-80st,,,0,0,open,closed,20180702,no,no,,no,,,,,,,no,no,,,,,-1,-1,,,no,taxable,21vat,,a:0:{},a:0:{},3.4.2,,a:0:{},0,0,,,,,,,,,,,,,,,,
661,"Zakdoekjes tissue doos 1 doosje","Product: zakdoekjes tissue in doos
Formaat: 150 tissues/doosje",,20180702,product,https://www.wingparent.be/product/zakdoekjes-tissue-doos-1-box/,562,nl,0,,0.49,0.49,,instock,,,0,"Aantal kg",,no,no,no,aantalkg,,no,no,no,Color,,no,no,no,Maat,,no,no,no,Merk,,no,no,no,,visible,,,,,,,,simple,,Supermarkt>Verzorging,baby|billen|billendoekjes,publish,1,wpadmin,karen@leonfurrow.com,Daniela,ddd,zakdoekjes-tissue-doos-1-box,,,0,0,open,closed,20180702,no,no,,no,,,,,,,no,no,,,,,-1,-1,,,no,taxable,21vat,,a:0:{},a:0:{},3.4.2,,a:0:{},0,0,,,,,,,,,,,,,,,,
664,"Wattenstaafjes 200st","Product: Wattenstaafjes
Formaat: 200st",,20180702,product,https://www.wingparent.be/product/wattenstaafjes-200st/,563,nl,0,,0.25,0.25,,instock,,,0,"Aantal kg",,no,no,no,aantalkg,,no,no,no,Color,,no,no,no,Maat,,no,no,no,Merk,,no,no,no,,visible,,,,,,,,simple,,Supermarkt>Verzorging,wattenstaafje|wattenstaafjes,publish,1,wpadmin,karen@leonfurrow.com,Daniela,ddd,wattenstaafjes-200st,,,0,0,open,closed,20180702,no,no,,no,,,,,,,no,no,,,,,-1,-1,,,no,taxable,21vat,,a:0:{},a:0:{},3.4.2,,a:0:{},0,0,,,,,,,,,,,,,,,,
666,"Handschoenen vinyl Maat M 100st","Product: Handschoenen vinyl Maat M
Formaat: 100st",,20180702,product,https://www.wingparent.be/product/handschoenen-vinyl-maat-m-100st/,566,nl,0,,4.54,4.54,,instock,,,0,"Aantal kg",,no,no,no,aantalkg,,no,no,no,Color,,no,no,no,Maat,,no,no,no,Merk,,no,no,no,,visible,,,,,,,,simple,,Supermarkt>Verzorging,"handschoenen|maat medium|vinyl",publish,1,wpadmin,karen@leonfurrow.com,Daniela,ddd,handschoenen-vinyl-maat-m-100st,,,0,0,open,closed,20180702,no,no,,no,,,,,,,no,no,,,,,-1,-1,,,no,taxable,21vat,,a:0:{},a:0:{},3.4.2,,a:0:{},0,0,,,,,,,,,,,,,,,,
668,"Batterij C 2st","Product: Batterij C
Formaat: 2st",,20180702,product,https://www.wingparent.be/product/batterij-c-2st/,570,nl,0,,1.65,1.65,,instock,,,0,"Aantal kg",,no,no,no,aantalkg,,no,no,no,Color,,no,no,no,Maat,,no,no,no,Merk,,no,no,no,,visible,,,,,,,,simple,,Supermarkt>Bureaumateriaal,"batterij|batterij C|batterijen|C|C batterij",publish,1,wpadmin,karen@leonfurrow.com,Daniela,ddd,batterij-c-2st,,,0,0,open,closed,20180702,no,no,,no,,,,,,,no,no,,,,,-1,-1,,,no,taxable,21vat,,a:0:{},a:0:{},3.4.2,,a:0:{},0,0,,,,,,,,,,,,,,,,
672,"Batterij D 2st","Product: Batterij D
Formaat: 2st",,20180702,product,https://www.wingparent.be/product/batterij-d-2st/,578,nl,0,,1.65,1.65,,instock,,,0,"Aantal kg",,no,no,no,aantalkg,,no,no,no,Color,,no,no,no,Maat,,no,no,no,Merk,,no,no,no,,visible,,,,,,,,simple,,Supermarkt>Bureaumateriaal,"batterij|batterij C|batterijen|C|C batterij",publish,1,wpadmin,karen@leonfurrow.com,Daniela,ddd,batterij-d-2st,,,0,0,open,closed,20180702,no,no,,no,,,,,,,no,no,,,,,-1,-1,,,no,taxable,21vat,,a:0:{},a:0:{},3.4.2,,a:0:{},0,0,,,,,,,,,,,,,,,,
674,"Appelmousseline 720g","Product: Appelmousseline
Formaat: 720g",,20180702,product,https://www.wingparent.be/product/appelmousseline-720g/,579,nl,0,,0.80,0.80,,instock,,,0,"Aantal kg",,no,no,no,aantalkg,,no,no,no,Color,,no,no,no,Maat,,no,no,no,Merk,,no,no,no,,visible,,,,,,,,simple,,"Supermarkt>Blik &amp; brik",appel|appelmousseline|mousseline,publish,1,wpadmin,karen@leonfurrow.com,Daniela,ddd,appelmousseline-720g,,,0,0,open,closed,20180702,no,no,,no,,,,,,,no,no,,,,,-1,-1,,,no,taxable,6vat,,a:0:{},a:0:{},3.4.2,,a:0:{},0,0,,,,,,,,,,,,,,,,
676,"Diepvries Vis Graatloos 400g","Product: Diepvries Vis Graatloos
Formaat: 400g",,20180702,product,https://www.wingparent.be/product/diepvries-vis-graatloos-400g/,582,nl,0,,1.69,1.69,,instock,,,0,"Aantal kg",,no,no,no,aantalkg,,no,no,no,Color,,no,no,no,Maat,,no,no,no,Merk,,no,no,no,,visible,,,,,,,,simple,,Supermarkt>Vlees/Vis/Veggie,Diepvries|graatloos|vis,publish,1,wpadmin,karen@leonfurrow.com,Daniela,ddd,diepvries-vis-graatloos-400g,,,0,0,open,closed,20180702,no,no,,no,,,,,,,no,no,,,,,-1,-1,,,no,taxable,6vat,,a:0:{},a:0:{},3.4.2,,a:0:{},0,0,,,,,,,,,,,,,,,,
678,"Diepvries prei in room porties 1kg","Product: Diepvries prei in room porties
Formaat: 1kg",,20180702,product,https://www.wingparent.be/product/diepvries-prei-in-room-porties-1kg/,585,nl,0,,2.69,2.69,,instock,,,0,"Aantal kg",,no,no,no,aantalkg,,no,no,no,Color,,no,no,no,Maat,,no,no,no,Merk,,no,no,no,,visible,,,,,,,,simple,,Supermarkt>Groenten,"Diepvries|porties|prei|prei in room|prei met room|room",publish,1,wpadmin,karen@leonfurrow.com,Daniela,ddd,diepvries-prei-in-room-porties-1kg,,,0,0,open,closed,20180702,no,no,,no,,,,,,,no,no,,,,,-1,-1,,,no,taxable,6vat,,a:0:{},a:0:{},3.4.2,,a:0:{},0,0,,,,,,,,,,,,,,,,
680,"Diepvries Soepballetjes 1kg","Product: Diepvries soepballetjes
Formaat: 1kg",,20180702,product,https://www.wingparent.be/product/diepvries-soepballetjes-1kg/,590,nl,0,,6.59,6.59,,instock,,,0,"Aantal kg",,no,no,no,aantalkg,,no,no,no,Color,,no,no,no,Maat,,no,no,no,Merk,,no,no,no,,visible,,,,,,,,simple,,Supermarkt>Vlees/Vis/Veggie,balletjes|Diepvries|soep|soepballetjes,publish,1,wpadmin,karen@leonfurrow.com,Daniela,ddd,diepvries-soepballetjes-1kg,,,0,0,open,closed,20180702,no,no,,no,,,,,,,no,no,,,,,-1,-1,,,no,taxable,6vat,,a:0:{},a:0:{},3.4.2,,a:0:{},0,0,,,,,,,,,,,,,,,,
682,"Diepvries champignon 2.5kg","Product: Diepvries champignon
Formaat: 2.5kg",,20180702,product,https://www.wingparent.be/product/diepvries-champignon-2-5kg/,593,nl,0,,5.85,5.85,,instock,,,0,"Aantal kg",,no,no,no,aantalkg,,no,no,no,Color,,no,no,no,Maat,,no,no,no,Merk,,no,no,no,,visible,,,,,,,,simple,,Supermarkt>Groenten,champignon|Diepvries,publish,1,wpadmin,karen@leonfurrow.com,Daniela,ddd,diepvries-champignon-2-5kg,,,0,0,open,closed,20180702,no,no,,no,,,,,,,no,no,,,,,-1,-1,,,no,taxable,6vat,,a:0:{},a:0:{},3.4.2,,a:0:{},0,0,,,,,,,,,,,,,,,,
684,"Diepvries Peterselie 300g","Product: Diepvries peterselie
Formaat: 300g",,20180702,product,https://www.wingparent.be/product/diepvries-peterselie-300g/,595,nl,0,,1234.00,1234.00,,instock,,,0,"Aantal kg",,no,no,no,aantalkg,,no,no,no,Color,,no,no,no,Maat,,no,no,no,Merk,,no,no,no,,visible,,,,,,,,simple,,Supermarkt>Groenten,Diepvries|kruiden|peterselie,publish,1,wpadmin,karen@leonfurrow.com,Daniela,ddd,diepvries-peterselie-300g,,,0,0,open,closed,20180702,no,no,,no,,,,,,,no,no,,,,,-1,-1,,,no,taxable,6vat,,a:0:{},a:0:{},3.4.2,,a:0:{},0,0,,,,,,,,,,,,,,,,
686,"Toiletpapier 12rollen","Product: Toiletpapier
Formaat: 12 rollen",,20180702,product,https://www.wingparent.be/product/toiletpapier-12rollen/,597,nl,0,,2463.00,2463.00,,instock,,,0,"Aantal kg",,no,no,no,aantalkg,,no,no,no,Color,,no,no,no,Maat,,no,no,no,Merk,,no,no,no,,visible,,,,,,,,simple,,Supermarkt>Verzorging,papier|toilet|toiletpapier,publish,1,wpadmin,karen@leonfurrow.com,Daniela,ddd,toiletpapier-12rollen,,,0,0,open,closed,20180702,no,no,,no,,,,,,,no,no,,,,,-1,-1,,,no,taxable,21vat,,a:0:{},a:0:{},3.4.2,,a:0:{},0,0,,,,,,,,,,,,,,,,
688,"Koffiepads 36st","Product: Koffiepads
Formaat: 36st",,20180702,product,https://www.wingparent.be/product/koffiepads-36st/,601,nl,0,,1585.00,1585.00,,instock,,,0,"Aantal kg",,no,no,no,aantalkg,,no,no,no,Color,,no,no,no,Maat,,no,no,no,Merk,,no,no,no,,visible,,,,,,,,simple,,Supermarkt>Dranken,koffie|koffiepads|pads,publish,1,wpadmin,karen@leonfurrow.com,Daniela,ddd,koffiepads-36st,,,0,0,open,closed,20180702,no,no,,no,,,,,,,no,no,,,,,-1,-1,,,no,taxable,6vat,,a:0:{},a:0:{},3.4.2,,a:0:{},0,0,,,,,,,,,,,,,,,,
690,"Express bindmiddel witte saus 250g","Product: Express bindmiddel witte saus
Formaat: 250g",,20180702,product,https://www.wingparent.be/product/express-bindmiddel-witte-saus-250g/,604,nl,0,,613.00,613.00,,instock,,,0,"Aantal kg",,no,no,no,aantalkg,,no,no,no,Color,,no,no,no,Maat,,no,no,no,Merk,,no,no,no,,visible,,,,,,,,simple,,Supermarkt>Bloem/Bakken/Cake,"bindmiddel|expr|express|saus|witte|witte saus",publish,1,wpadmin,karen@leonfurrow.com,Daniela,ddd,express-bindmiddel-witte-saus-250g,,,0,0,open,closed,20180702,no,no,,no,,,,,,,no,no,,,,,-1,-1,,,no,taxable,6vat,,a:0:{},a:0:{},3.4.2,,a:0:{},0,0,,,,,,,,,,,,,,,,
692,"Tomatenpuree dubbel geconcentreerd 140g","Product: Tomatenpuree dubbel geconcentreerd
Formaat: 140g",,20180702,product,https://www.wingparent.be/product/tomatenpuree-dubbel-geconcentreerd-140g/,611,nl,0,,283.00,283.00,,instock,,,0,"Aantal kg",,no,no,no,aantalkg,,no,no,no,Color,,no,no,no,Maat,,no,no,no,Merk,,no,no,no,,visible,,,,,,,,simple,,"Supermarkt>Blik &amp; brik","dubbel|dubbel geconcentreerd|geconcentreerd|puree|tomaten|tomatenpuree",publish,1,wpadmin,karen@leonfurrow.com,Daniela,ddd,tomatenpuree-dubbel-geconcentreerd-140g,,,0,0,open,closed,20180702,no,no,,no,,,,,,,no,no,,,,,-1,-1,,,no,taxable,6vat,,a:0:{},a:0:{},3.4.2,,a:0:{},0,0,,,,,,,,,,,,,,,,
694,Handzeep,"Product: Handzeep
Formaat: 500ml",,20180702,product,https://www.wingparent.be/product/handzeep/,616,nl,0,,405.00,405.00,,instock,,,0,"Aantal kg",,no,no,no,aantalkg,,no,no,no,Color,,no,no,no,Maat,,no,no,no,Merk,,no,no,no,,visible,,,,,,,,simple,,Supermarkt>Verzorging,hand|handen|handzeep|zeep,publish,1,wpadmin,karen@leonfurrow.com,Daniela,ddd,handzeep,,,0,0,open,closed,20180702,no,no,,no,,,,,,,no,no,,,,,-1,-1,,,no,taxable,21vat,,a:0:{},a:0:{},3.4.2,,a:0:{},0,0,,,,,,,,,,,,,,,,
696,"Diepvrieszakjes 1l 75st","Product: Diepvrieszakjes 1l
Formaat: 75st",,20180702,product,https://www.wingparent.be/product/diepvrieszakjes-1l-75st/,621,nl,0,,1645.00,1645.00,,instock,,,0,"Aantal kg",,no,no,no,aantalkg,,no,no,no,Color,,no,no,no,Maat,,no,no,no,Merk,,no,no,no,,visible,,,,,,,,simple,,Supermarkt>Bloem/Bakken/Cake,1l|diepvrieszak|diepvrieszakje|diepvrieszakjes,publish,1,wpadmin,karen@leonfurrow.com,Daniela,ddd,diepvrieszakjes-1l-75st,,,0,0,open,closed,20180702,no,no,,no,,,,,,,no,no,,,,,-1,-1,,,no,taxable,21vat,,a:0:{},a:0:{},3.4.2,,a:0:{},0,0,,,,,,,,,,,,,,,,
698,"Diepvrieszakjes 3l 75st","Product: Diepvrieszakjes 3l
Formaat: 75st",,20180702,product,https://www.wingparent.be/product/diepvrieszakjes-3l-75st/,626,nl,0,,1529.00,1529.00,,instock,,,0,"Aantal kg",,no,no,no,aantalkg,,no,no,no,Color,,no,no,no,Maat,,no,no,no,Merk,,no,no,no,,visible,,,,,,,,simple,,Supermarkt>Bloem/Bakken/Cake,1l|diepvrieszak|diepvrieszakje|diepvrieszakjes,publish,1,wpadmin,karen@leonfurrow.com,Daniela,ddd,diepvrieszakjes-3l-75st,,,0,0,open,closed,20180702,no,no,,no,,,,,,,no,no,,,,,-1,-1,,,no,taxable,21vat,,a:0:{},a:0:{},3.4.2,,a:0:{},0,0,,,,,,,,,,,,,,,,
701,"Vuilzakjes Swirl 10l","Product: Vuilzakjes Swirl
Formaat: 10l",,20180702,product,https://www.wingparent.be/product/vuilzakjes-swirl-10l/,627,nl,0,,1645.00,1645.00,,instock,,,0,"Aantal kg",,no,no,no,aantalkg,,no,no,no,Color,,no,no,no,Maat,,no,no,no,Merk,,no,no,no,,visible,,,,,,,,simple,,Supermarkt>Vaatwas/Wassen/Poetsen,10l|swirl|vuilzak|vuilzakje,publish,1,wpadmin,karen@leonfurrow.com,Daniela,ddd,vuilzakjes-swirl-10l,,,0,0,open,closed,20180702,no,no,,no,,,,,,,no,no,,,,,-1,-1,,,no,taxable,21vat,,a:0:{},a:0:{},3.4.2,,a:0:{},0,0,,,,,,,,,,,,,,,,
703,"Vuilzakjes Swirl 5l","Product: Vuilzakjes Swirl
Formaat: 5l",,20180702,product,https://www.wingparent.be/product/vuilzakjes-swirl-5l/,631,nl,0,,1479.00,1479.00,,instock,,,0,"Aantal kg",,no,no,no,aantalkg,,no,no,no,Color,,no,no,no,Maat,,no,no,no,Merk,,no,no,no,,visible,,,,,,,,simple,,Supermarkt>Vaatwas/Wassen/Poetsen,5l|swirl|vuilzak|vuilzakje,publish,1,wpadmin,karen@leonfurrow.com,Daniela,ddd,vuilzakjes-swirl-5l,,,0,0,open,closed,20180702,no,no,,no,,,,,,,no,no,,,,,-1,-1,,,no,taxable,21vat,,a:0:{},a:0:{},3.4.2,,a:0:{},0,0,,,,,,,,,,,,,,,,
705,"Printpapier 80g 500vellen","Product: Printpapier
Formaat: 80g 500 vellen",,20180702,product,https://www.wingparent.be/product/printpapier-80g-500vellen/,633,nl,0,,2645.00,2645.00,,instock,,,0,"Aantal kg",,no,no,no,aantalkg,,no,no,no,Color,,no,no,no,Maat,,no,no,no,Merk,,no,no,no,,visible,,,,,,,,simple,,Supermarkt>Bureaumateriaal,kopieer|kopieerpapier|papier|print|printpapier,publish,1,wpadmin,karen@leonfurrow.com,Daniela,ddd,printpapier-80g-500vellen,,,0,0,open,closed,20180702,no,no,,no,,,,,,,no,no,,,,,-1,-1,,,no,taxable,21vat,,a:0:{},a:0:{},3.4.2,,a:0:{},0,0,,,,,,,,,,,,,,,,
707,"Venkel per kg","Product: Venkel
Formaat: 1kg",,20180702,product,https://www.wingparent.be/product/venkel-per-kg/,638,nl,0,,1877.00,1877.00,,instock,,,0,"Aantal kg",,no,no,no,aantalkg,,no,no,no,Color,,no,no,no,Maat,,no,no,no,Merk,,no,no,no,,visible,,,,,,,,simple,,Supermarkt>Groenten,"Diepvries|porties|prei|prei in room|prei met room|room",publish,1,wpadmin,karen@leonfurrow.com,Daniela,ddd,venkel-per-kg,,,0,0,open,closed,20180702,no,no,,no,,,,,,,no,no,,,,,-1,-1,,,no,taxable,6vat,,a:0:{},a:0:{},3.4.2,,a:0:{},0,0,,,,,,,,,,,,,,,,
709,"Kalkreiniger spray 750ml","Product: kalkreiniger spray
Formaat: 750ml",,20180702,product,https://www.wingparent.be/product/kalkreiniger-spray-750ml/,639,nl,0,,1232.00,1232.00,,instock,,,0,"Aantal kg",,no,no,no,aantalkg,,no,no,no,Color,,no,no,no,Maat,,no,no,no,Merk,,no,no,no,,visible,,,,,,,,simple,,Supermarkt>Vaatwas/Wassen/Poetsen,kalk|kalkreiniger|ontkalken|spray,publish,1,wpadmin,karen@leonfurrow.com,Daniela,ddd,kalkreiniger-spray-750ml,,,0,0,open,closed,20180702,no,no,,no,,,,,,,no,no,,,,,-1,-1,,,no,taxable,21vat,,a:0:{},a:0:{},3.4.2,,a:0:{},0,0,,,,,,,,,,,,,,,,
711,Enveloppe,"Product: Briefomslagen, enveloppe
Formaat: 200st",,20180702,product,https://www.wingparent.be/product/enveloppe/,644,nl,0,,2802.00,2802.00,,instock,,,0,"Aantal kg",,no,no,no,aantalkg,,no,no,no,Color,,no,no,no,Maat,,no,no,no,Merk,,no,no,no,,visible,,,,,,,,simple,,Supermarkt>Bureaumateriaal,brief|briefomslag|briefomslagen|brieven|enveloppe|enveloppen|enveloppes|omslag|omslagen,publish,1,wpadmin,karen@leonfurrow.com,Daniela,ddd,enveloppe,,,0,0,open,closed,20180702,no,no,,no,,,,,,,no,no,,,,,-1,-1,,,no,taxable,21vat,,a:0:{},a:0:{},3.4.2,,a:0:{},0,0,,,,,,,,,,,,,,,,
713,"Zout afwasmachine 4kg","Product: Regeneerzout, zout voor afwasmachine
Formaat: 4kg",,20180702,product,https://www.wingparent.be/product/zout-afwasmachine-4kg/,654,nl,0,,2388.00,2388.00,,instock,,,0,"Aantal kg",,no,no,no,aantalkg,,no,no,no,Color,,no,no,no,Maat,,no,no,no,Merk,,no,no,no,,visible,,,,,,,,simple,,Supermarkt>Vaatwas/Wassen/Poetsen,"afwasmachine|regenereerzout|zout|zout afwasmachine|zout voor afwasmachine",publish,1,wpadmin,karen@leonfurrow.com,Daniela,ddd,zout-afwasmachine-4kg,,,0,0,open,closed,20180702,no,no,,no,,,,,,,no,no,,,,,-1,-1,,,no,taxable,21vat,,a:0:{},a:0:{},3.4.2,,a:0:{},0,0,,,,,,,,,,,,,,,,
718,"Koekjesassortiment 500g","Product: Koekjesassortiment, assortiment van verschillende soorten koeken
Formaat: 500g",,20180702,product,https://www.wingparent.be/product/koekjesassortiment-500g/,659,nl,0,,3453.00,3453.00,,instock,,,0,"Aantal kg",,no,no,no,aantalkg,,no,no,no,Color,,no,no,no,Maat,,no,no,no,Merk,,no,no,no,,visible,,,,,,,,simple,,Supermarkt>Bloem/Bakken/Cake,"assortiment|assortiment van koeken|assortiment van koekjes|koek|koeken|koekenassortiment|koekjes|koekjesassortiment",publish,1,wpadmin,karen@leonfurrow.com,Daniela,ddd,koekjesassortiment-500g,,,0,0,open,closed,20180702,no,no,,no,,,,,,,no,no,,,,,-1,-1,,,no,taxable,6vat,,a:0:{},a:0:{},3.4.2,,a:0:{},0,0,,,,,,,,,,,,,,,,
723,"Onstopper 5l","Product: Ontstopper
Formaat: 5l",,20180702,product,https://www.wingparent.be/product/onstopper-5l/,667,nl,0,,7.81,7.81,,instock,,,0,"Aantal kg",,no,no,no,aantalkg,,no,no,no,Color,,no,no,no,Maat,,no,no,no,Merk,,no,no,no,,visible,,,,,,,,simple,,Supermarkt>Vaatwas/Wassen/Poetsen,onstopper,publish,1,wpadmin,karen@leonfurrow.com,Daniela,ddd,onstopper-5l,,,0,0,open,closed,20180702,no,no,,no,,,,,,,no,no,,,,,-1,-1,,,no,taxable,21vat,,a:0:{},a:0:{},3.4.2,,a:0:{},0,0,,,,,,,,,,,,,,,,
