ID,Parent Product ID,WPML Translation ID,WPML Language Code,Title,Content,Sku,Regular Price,Sale Price,Stock Status,Stock,Tags,Category,SEO title,SEO Description,visible_roles,invisible_roles,Tax Class,Tax Status,Superdaycare Price,Daycare Price,Daycare Staff Price,Parent Price,Parent Extra Price
118,0,176,nl,Dotties Maat 3,"<p>Dotties Sensitive luiers Maat 3 (4-9kg) is dé gezonde luier tegen huismerkprijs! Dotties Sensitive luiers (34 stuks) bevatten 0% parabenen 0% chlorine 0% kleurstoffen 0% lotion 0% parfum Geen onnodige toevoegingen maar wel 100% comfort en kwaliteit. Dotties Sensitive luiers zijn huidvriendelijk en geschikt voor een zeer gevoelige babyhuid. Ze zijn hypoallergeen, Ph neutraal en dermatologisch getest. De luiers zijn gemaakt van zorgvuldig geselecteerde grondstoffen van verantwoorde afkomst en het productieafval wordt maximaal hergebruikt. De babyluiers geven de gevoelige babyhuid maximale bescherming gedurende 12u.</p>",Luiers Dotties Maat 3,4.54,,instock,183,billen|dotties|dotties maat 3|dotties maat drie|drie|luier|luiers|luiers maat 3|maat 3|maat drie,Luiers &amp; Verschonen>Luiers,Dotties luier maat 3,"Dotties luier maat 3, de gezonde luier aan huismerkprijs",administrator|daycare|parent|staff|parent_extra|superdaycare,,21%VAT,taxable,,4,4.3,4.54,3.4
119,0,177,nl,Dotties Maat 4,"<p>Dotties Sensitive luiers Maat 4 (7-18kg) is dé gezonde luier tegen huismerkprijs! Dotties Sensitive luiers (32 stuks) bevatten 0% parabenen 0% chlorine 0% kleurstoffen 0% lotion 0% parfum Geen onnodige toevoegingen maar wel 100% comfort en kwaliteit. Dotties Sensitive luiers zijn huidvriendelijk en geschikt voor een zeer gevoelige babyhuid. Ze zijn hypoallergeen, Ph neutraal en dermatologisch getest. De luiers zijn gemaakt van zorgvuldig geselecteerde grondstoffen van verantwoorde afkomst en het productieafval wordt maximaal hergebruikt. De babyluiers geven de gevoelige babyhuid maximale bescherming gedurende 12u.</p>",Luiers Dotties Maat 4,4.54,,instock,166,,Luiers &amp; Verschonen>Luiers,Dotties luier maat 4,"Dotties luier maat 4, de gezonde luier aan huismerkprijs",administrator|daycare|parent|staff|parent_extra|superdaycare,,21%VAT,taxable,,4,4.3,4.54,3.4
120,0,178,nl,Dotties Maat 4 +,"<p><span style=""vertical-align: inherit;""><span style=""vertical-align: inherit;""><span style=""vertical-align: inherit;""><span style=""vertical-align: inherit;"">Dotties Sensitive diapers Size 4+ (7-20kg) is the healthy diaper at home brand price! </span></span></span><span style=""vertical-align: inherit;""><span style=""vertical-align: inherit;""><span style=""vertical-align: inherit;"">Dotties Sensitive diapers (30 pieces) contain 0% parabens 0% chlorine 0% dyes 0% lotion 0% perfume No-unwanted additives but 100% comfort and quality. </span></span></span><span style=""vertical-align: inherit;""><span style=""vertical-align: inherit;""><span style=""vertical-align: inherit;"">Dotties Sensitive diapers are skin-friendly and suitable for a very sensitive baby skin. </span></span></span><span style=""vertical-align: inherit;""><span style=""vertical-align: inherit;""><span style=""vertical-align: inherit;"">They are hypoallergenic, Ph neutral and dermatologically tested. </span></span></span><span style=""vertical-align: inherit;""><span style=""vertical-align: inherit;""><span style=""vertical-align: inherit;"">The diapers are maximally reused. </span></span></span><span style=""vertical-align: inherit;""><span style=""vertical-align: inherit;""><span style=""vertical-align: inherit;"">The baby diapers give the sensitive baby skin maximum protection for 12 hours.</span></span></span></span></p>",luiers_dotties_maat_4_plus,4.54,,instock,167,4 plus|4+|baby|billen|dotties|dotties maat 4 plus|dotties maat 4+|luier|luiers|luiers maat 4 plus|luiers maat 4+|maat 4 plus|maat 4+|single pack,Luiers &amp; Verschonen>Luiers,Dotties luier maat 4+,"Dotties luier maat 4+, de gezonde luier aan huismerkprijs",administrator|daycare|parent|staff|parent_extra|superdaycare,,21%VAT,taxable,4,4,4.3,4.54,3.4
121,0,179,nl,Dotties Maat 5,"<p>Dotties Sensitive luiers Maat 5 (12-25kg) is dé gezonde luier tegen huismerkprijs! Dotties Sensitive luiers (28 stuks) bevatten 0% parabenen 0% chlorine 0% kleurstoffen 0% lotion 0% parfum Geen onnodige toevoegingen maar wel 100% comfort en kwaliteit. Dotties Sensitive luiers zijn huidvriendelijk en geschikt voor een zeer gevoelige babyhuid. Ze zijn hypoallergeen, Ph neutraal en dermatologisch getest. De luiers zijn gemaakt van zorgvuldig geselecteerde grondstoffen van verantwoorde afkomst en het productieafval wordt maximaal hergebruikt. De babyluiers geven de gevoelige babyhuid maximale bescherming gedurende 12u.</p>",Luiers Dotties Maat 5,4.54,,instock,143,billen|dotties|dotties maat 5|dotties maat vijf|luier|luiers|luiers maat 5|luiers maat vijf|maat 5|maat vijf|vijf,Luiers &amp; Verschonen>Luiers,Dotties luier maat 5,"Dotties luier maat 5, de gezonde luier aan huismerkprijs",administrator|daycare|parent|staff|parent_extra|superdaycare,,21%VAT,taxable,4,4,4.3,4.54,3.4
122,0,180,nl,Dotties Maat 6,"<p>Dotties Sensitive luiers Maat 6 (15+kg) is dé gezonde luier tegen huismerkprijs! Dotties Sensitive luiers (24 stuks) bevatten 0% parabenen 0% chlorine 0% kleurstoffen 0% lotion 0% parfum Geen onnodige toevoegingen maar wel 100% comfort en kwaliteit. Dotties Sensitive luiers zijn huidvriendelijk en geschikt voor een zeer gevoelige babyhuid. Ze zijn hypoallergeen, Ph neutraal en dermatologisch getest. De luiers zijn gemaakt van zorgvuldig geselecteerde grondstoffen van verantwoorde afkomst en het productieafval wordt maximaal hergebruikt. De babyluiers geven de gevoelige babyhuid maximale bescherming gedurende 12u.</p>",Luiers Dotties Maat 6,4.54,,instock,165,,Luiers &amp; Verschonen>Luiers,Dotties luier maat 6,"Dotties luier maat 6, de gezonde luier aan huismerkprijs",administrator|daycare|parent|staff|parent_extra|superdaycare,,21%VAT,taxable,,4,4.3,4.54,3.4
469,0,234,nl,Dotties Maat 3 Volumepack,"<p>Dotties Sensitive luiers Maat 3 (4-9kg) is dé gezonde luier tegen huismerkprijs! Dotties Sensitive luiers (4x34 stuks) bevatten 0% parabenen 0% chlorine 0% kleurstoffen 0% lotion 0% parfum Geen onnodige toevoegingen maar wel 100% comfort en kwaliteit. Dotties Sensitive luiers zijn huidvriendelijk en geschikt voor een zeer gevoelige babyhuid. Ze zijn hypoallergeen, Ph neutraal en dermatologisch getest. De luiers zijn gemaakt van zorgvuldig geselecteerde grondstoffen van verantwoorde afkomst en het productieafval wordt maximaal hergebruikt. De babyluiers geven de gevoelige babyhuid maximale bescherming gedurende 12u.</p>",Luiers Dotties Maat 3-1,15,,instock,184,billen|dotties|dotties maat 3|dotties maat drie|drie|luier|luiers|luiers maat 3|maat 3|maat drie|volume|volumepack,Luiers &amp; Verschonen>Luiers,Dotties luier maat 3,"Dotties luier maat 3, de gezonde luier aan huismerkprijs",administrator|daycare|parent|staff|parent_extra|superdaycare,,21vat,taxable,15,15,15,15,15
471,0,235,nl,Dotties Maat 4 Volumepack,"<p>Dotties Sensitive luiers Maat 4 (7-18kg) is dé gezonde luier tegen huismerkprijs! Dotties Sensitive luiers (4 x 32 stuks) bevatten 0% parabenen 0% chlorine 0% kleurstoffen 0% lotion 0% parfum Geen onnodige toevoegingen maar wel 100% comfort en kwaliteit. Dotties Sensitive luiers zijn huidvriendelijk en geschikt voor een zeer gevoelige babyhuid. Ze zijn hypoallergeen, Ph neutraal en dermatologisch getest. De luiers zijn gemaakt van zorgvuldig geselecteerde grondstoffen van verantwoorde afkomst en het productieafval wordt maximaal hergebruikt. De babyluiers geven de gevoelige babyhuid maximale bescherming gedurende 12u.</p>",Luiers Dotties Maat 4-1,15.94,,instock,164,4+|billen|dotties|dotties maat 4+|dotties maat vier|luier|luiers|luiers maat 4+|maat vier|vier|volume|volumepack,Luiers &amp; Verschonen>Luiers,Dotties luier maat 4,"Dotties luier maat 4, de gezonde luier aan huismerkprijs",administrator|daycare|parent|staff|parent_extra|superdaycare,,21vat,taxable,15.94,15.94,15.94,15.94,15.94
474,0,236,nl,Dotties Maat 5 volumepack,"<p>Dotties Sensitive luiers Maat 5 (12-25kg) is dé gezonde luier tegen huismerkprijs! Dotties Sensitive luiers (4 x 28 stuks) bevatten 0% parabenen 0% chlorine 0% kleurstoffen 0% lotion 0% parfum Geen onnodige toevoegingen maar wel 100% comfort en kwaliteit. Dotties Sensitive luiers zijn huidvriendelijk en geschikt voor een zeer gevoelige babyhuid. Ze zijn hypoallergeen, Ph neutraal en dermatologisch getest. De luiers zijn gemaakt van zorgvuldig geselecteerde grondstoffen van verantwoorde afkomst en het productieafval wordt maximaal hergebruikt. De babyluiers geven de gevoelige babyhuid maximale bescherming gedurende 12u.</p>",Luiers Dotties Maat 5-1,17.68,,instock,141,billen|dotties|dotties maat 5|dotties maat vijf|luier|luiers|luiers maat 5|luiers maat vijf|maat 5|maat vijf|vijf|volume|volumepack,Luiers &amp; Verschonen>Luiers,Dotties luier maat 5,"Dotties luier maat 5, de gezonde luier aan huismerkprijs",administrator|daycare|parent|staff|parent_extra|superdaycare,,21vat,taxable,,17.68,17.68,17.68,17.68
478,0,237,nl,Dotties Maat 4+ Volumepack,"<p>Dotties Sensitive luiers Maat 4+ (7-20kg) is dé gezonde luier tegen huismerkprijs! Dotties Sensitive luiers (4 x 30 stuks) bevatten 0% parabenen 0% chlorine 0% kleurstoffen 0% lotion 0% parfum Geen onnodige toevoegingen maar wel 100% comfort en kwaliteit. Dotties Sensitive luiers zijn huidvriendelijk en geschikt voor een zeer gevoelige babyhuid. Ze zijn hypoallergeen, Ph neutraal en dermatologisch getest. De luiers zijn gemaakt van zorgvuldig geselecteerde grondstoffen van verantwoorde afkomst en het productieafval wordt maximaal hergebruikt. De babyluiers geven de gevoelige babyhuid maximale bescherming gedurende 12u.</p>",Luiers Dotties Maat 4+-1,17.43,,instock,167,4 plus|4+|billen|dotties|dotties maat 4 plus|dotties maat 4+|luier|luiers|luiers maat 4 plus|luiers maat 4+|maat 4 plus|maat 4+|plus|volume|volumepack,Luiers &amp; Verschonen>Luiers,Dotties luier maat 4+,"Dotties luier maat 4+, de gezonde luier aan huismerkprijs",administrator|daycare|parent|staff|parent_extra|superdaycare,,21vat,taxable,,17.43,17.43,17.43,17.43
480,0,238,nl,Dotties Maat 6 Volumepack,"<p>Dotties Sensitive luiers Maat 6 (15+kg) is dé gezonde luier tegen huismerkprijs! Dotties Sensitive luiers (4 x 24 stuks) bevatten 0% parabenen 0% chlorine 0% kleurstoffen 0% lotion 0% parfum Geen onnodige toevoegingen maar wel 100% comfort en kwaliteit. Dotties Sensitive luiers zijn huidvriendelijk en geschikt voor een zeer gevoelige babyhuid. Ze zijn hypoallergeen, Ph neutraal en dermatologisch getest. De luiers zijn gemaakt van zorgvuldig geselecteerde grondstoffen van verantwoorde afkomst en het productieafval wordt maximaal hergebruikt. De babyluiers geven de gevoelige babyhuid maximale bescherming gedurende 12u.</p>",Luiers Dotties Maat 6-1,17.76,,instock,154,6|billen|dotties|dotties maat 6|luier|luiers|maat 6|maat 6 luiers maat 6|volume|volumepack|zes,Luiers &amp; Verschonen>Luiers,Dotties luier maat 6,"Dotties luier maat 6, de gezonde luier aan huismerkprijs",administrator|daycare|parent|staff|parent_extra|superdaycare,,21vat,taxable,,17.76,17.76,17.76,17.76
512,0,250,nl,Plat Water 6x2l,"<p>Product: Plat water, niet bruisend<br />
Extra info: Water is geschikt voor babyvoeding<br />
Formaat: 2l</p>",plat-water-6x2l,2.04,,instock,,2|babyvoeding|l|niet-bruisend|plat|water,Supermarkt>Dranken,,,administrator|daycare|superdaycare,guest|editor|author|contributor|subscriber|customer|shop_manager|wpseo_manager|wpseo_editor|parent|staff|parent_extra|translator,6vat,taxable,,,,,
521,0,259,nl,Volle melk 1l,"<p>Product: Volle melk<br />
Formaat: 1l</p>",volle-melk-1l,0.67,,instock,,1|babyvoeding|groeimelk|l|melk|vol|volle|zuivel,Supermarkt>Dranken,,,administrator|daycare|superdaycare,guest|editor|author|contributor|subscriber|customer|shop_manager|wpseo_manager|wpseo_editor|parent|staff|parent_extra|translator,6vat,taxable,,,,,
523,0,266,nl,Bouillon groenten 12x10g,"<p>Product: Bouillon groenten<br />
Formaat: 12x10g</p>",bouillon-groenten-12x10g,0.37,,instock,,bouillon|groente|groenten|vegetarisch|veggie,Supermarkt>Smaak/ olie/ toppings,,,administrator|daycare|superdaycare,guest|editor|author|contributor|subscriber|customer|shop_manager|wpseo_manager|wpseo_editor|parent|staff|parent_extra|translator,6vat,taxable,,,,,
526,0,273,nl,Bouillon vlees 12x10g,"<p>Product: Bouillon vlees<br />
Formaat: 12x10g</p>",bouillon-vlees-12x10g,0.37,,instock,,bouillon|vlees,Supermarkt>Smaak/ olie/ toppings,,,administrator|daycare|superdaycare,guest|editor|author|contributor|subscriber|customer|shop_manager|wpseo_manager|wpseo_editor|parent|staff|parent_extra|translator,6vat,taxable,,,,,
528,0,275,nl,Bouillon kip 12x10g,"<p>Product: Bouillon kip<br />
Formaat: 12x10g</p>",bouillon-kip-12x10g,0.37,,instock,,bouillon|kip|kippenbouillon,Supermarkt>Smaak/ olie/ toppings,,,administrator|daycare|superdaycare,guest|editor|author|contributor|subscriber|customer|shop_manager|wpseo_manager|wpseo_editor|parent|staff|parent_extra|translator,6vat,taxable,,,,,
530,0,278,nl,Macaroni 500g,"<p><span style=""vertical-align: inherit;""><span style=""vertical-align: inherit;"">Product: Macaroni </span></span><br />
<span style=""vertical-align: inherit;""><span style=""vertical-align: inherit;"">Format: 500g</span></span></p>",macaroni-500g-deegwaren,0.33,,instock,,500g|deegwaren|macaroni|pasta,Supermarkt>Pasta &amp; Rijst,,,administrator|daycare|superdaycare,guest|editor|author|contributor|subscriber|parent|staff,6vat,taxable,,,,,
532,0,283,nl,spaghetti 500g,"<p><span style=""vertical-align: inherit;""><span style=""vertical-align: inherit;""><span style=""vertical-align: inherit;""><span style=""vertical-align: inherit;"">Product: Spaghetti </span></span></span></span><br />
<span style=""vertical-align: inherit;""><span style=""vertical-align: inherit;""><span style=""vertical-align: inherit;""><span style=""vertical-align: inherit;"">Format: 500g</span></span></span></span></p>",spaghetti-500g,0.32,,instock,,500g|deegwaren|pasta|spaghetti,Supermarkt>Pasta &amp; Rijst,,,administrator|daycare|superdaycare,guest|editor|author|contributor|subscriber|parent|staff,6vat,taxable,,,,,
534,0,285,nl,Rijst 4x125g,"<p>Product: Rijst in builtjes<br />
Formaat: 4x125g</p>",rijst-4x125g,0.46,,instock,,builtjes|langkorrel|langkorrelrijst|rijst,Supermarkt>Pasta &amp; Rijst,,,administrator|daycare|superdaycare,guest|editor|author|contributor|subscriber|customer|shop_manager|wpseo_manager|wpseo_editor|parent|staff|parent_extra|translator,6vat,taxable,,,,,
536,0,290,nl,Smeerboter Omega 3 500g,"<p>Product: Smeerboter met Omega 3 in vlootje<br />
Formaat: 500g</p>",smeerboter-omega-3-500g,0.87,,instock,,3|boter|margarine|omega|omega 3|smeerboter|vlootje,Supermarkt>Brood &amp; beleg,,,administrator|daycare|superdaycare,guest|editor|author|contributor|subscriber|customer|shop_manager|wpseo_manager|wpseo_editor|parent|staff|parent_extra|translator,6vat,taxable,,,,,
538,0,299,nl,Betterfood Lu 175g (6m+),"<p>Product: Betterfood Lu, pletkoekjes voor + 6 maanden<br />
Formaat: 175g</p>",betterfood-lu-175g-6m,1.26,,instock,,6|6 maanden|6m+|baby|betterfood|fruitpap|koek|koekjesmeel|lu|ouder dan 6 maanden|pletkoek|pletkoekjes|verdikking,Supermarkt>Babyvoeding,,,administrator|daycare|superdaycare,guest|editor|author|contributor|subscriber|customer|shop_manager|wpseo_manager|wpseo_editor|parent|staff|parent_extra|translator,6vat,taxable,,,,,
540,0,313,nl,Confituur aardbei 450g,"<p>Product: Confituur aardbei<br />
Formaat: 450g</p>",confituur-aardbei-450g,0.77,,instock,,aardbei|aardbeien|aardbeienconfituur|confituur|rood|vruchten,Supermarkt>Brood &amp; beleg,,,administrator|daycare|superdaycare,guest|editor|author|contributor|subscriber|customer|shop_manager|wpseo_manager|wpseo_editor|parent|staff|parent_extra|translator,6vat,taxable,,,,,
542,0,321,nl,Elvea tomatenblokjes met verse groenten 800g,"<p>Product: Elvea tomatenblokjes met verse groenten in blik<br />
Formaat: 800g</p>",elvea-tomatenblokjes-met-verse-groenten-800g,3.44,,instock,,blik|elvea|tomaten|tomatenblok|tomatenblokjes|verse groenten,Supermarkt>Groenten>Pot en blik,,,administrator|daycare|superdaycare,guest|editor|author|contributor|subscriber|customer|shop_manager|wpseo_manager|wpseo_editor|parent|staff|parent_extra|translator,6vat,taxable,,,,,
545,0,328,nl,Bakboter 500g,"<p>Product: Bakboter<br />
Formaat: 500g</p>",bakboter-500g,0.63,,instock,,bakboter|bakken|boter|braden|margarine|olie|vet,Supermarkt>Smaak/ olie/ toppings,,,administrator|daycare|superdaycare,guest|editor|author|contributor|subscriber|customer|shop_manager|wpseo_manager|wpseo_editor|parent|staff|parent_extra|translator,6vat,taxable,,,,,
547,0,334,nl,Brood volkoren 800g (gesneden),"<p>Product: Brood volkoren (gesneden)<br />
Formaat: 800g</p>",brood-volkoren-800g-gesneden,1274,,instock,,brood|volkoren|volkorenbrood,Supermarkt>Brood &amp; beleg,,,administrator|daycare|superdaycare,guest|editor|author|contributor|subscriber|customer|shop_manager|wpseo_manager|wpseo_editor|parent|staff|parent_extra|translator,6vat,taxable,,,,,
550,0,338,nl,Diepvries bloemkool 1kg,"<p>Product: Diepvries bloemkool<br />
Formaat: 1 kg</p>",diepvries-bloemkool-1kg,0.84,,instock,,bloemkool|Diepvries|diepvries bloemkool,Supermarkt>Groenten,,,administrator|daycare|superdaycare,guest|editor|author|contributor|subscriber|customer|shop_manager|wpseo_manager|wpseo_editor|parent|staff|parent_extra|translator,6vat,taxable,,,,,
553,0,343,nl,Diepvries broccoli 1kg,"<p>Product: Diepvries broccoli<br />
Formaat: 1 kg</p>",diepvries-broccoli-1kg,1.11,,instock,,broccoli|Diepvries|diepvries broccoli,Supermarkt>Groenten,,,administrator|daycare|superdaycare,guest|editor|author|contributor|subscriber|customer|shop_manager|wpseo_manager|wpseo_editor|parent|staff|parent_extra|translator,6vat,taxable,,,,,
555,0,346,nl,"Diepvries soepgroenten 1,5kg","<p>Product: Diepvries soepgroenten<br />
Formaat: 1,5 kg</p>",diepvries-soepgroenten-15kg,1.41,,instock,,Diepvries|diepvries soepgroenten|soep|soepgroenten,Supermarkt>Groenten,,,administrator|daycare|superdaycare,guest|editor|author|contributor|subscriber|customer|shop_manager|wpseo_manager|wpseo_editor|parent|staff|parent_extra|translator,6vat,taxable,,,,,
557,0,350,nl,Diepvries kipborstfilet 1kg,"<p>Product: Diepvries kipborstfilet<br />
Formaat: 1 kg</p>",diepvries-kipborstfilet-1kg,5.08,,instock,,Diepvries|diepvries kip|diepvries kipborstfilet|diepvries kipfilet|kip|kipborstfilet|kipfilet|vlees,Supermarkt>Vlees/Vis/Veggie,,,administrator|daycare|superdaycare,guest|editor|author|contributor|subscriber|customer|shop_manager|wpseo_manager|wpseo_editor|parent|staff|parent_extra|translator,6vat,taxable,,,,,
561,0,363,nl,Diepvries kippenworst 1kg,"<p>Product: Diepvries kippenbraadworst<br />
Formaat: 1 kg</p>",diepvries-kippenworst-1kg,4708,,instock,,Diepvries|diepvriesworsten|rund|rund-varken|varken|worst|worsten|worsten rund-varken,Supermarkt>Vlees/Vis/Veggie>Diepvries,,,administrator|daycare|superdaycare,guest|editor|author|contributor|subscriber|parent|staff,6vat,taxable,,,,,
563,0,371,nl,Diepvries wortelblokjes 2.5kg,"<p>Product: Diepvries wortelblokjes<br />
Formaat: 2.5 kg</p>",diepvries-wortelblokjes-2-5kg,2.1,,instock,,blokjes|Diepvries|diepvries wortelen|wortel|wortelblok|wortelblokjes|wortelen,Supermarkt>Groenten,,,administrator|daycare|superdaycare,guest|editor|author|contributor|subscriber|customer|shop_manager|wpseo_manager|wpseo_editor|parent|staff|parent_extra|translator,6vat,taxable,,,,,
565,0,378,nl,Diepvries spinazie 2.5kg,"<p>Product: Diepvries spinazie<br />
Formaat: 2.5 kg</p>",diepvries-spinazie-2-5kg,2.81,,instock,,Diepvries|diepvries spinazie|diepvries spinazie zonder room|spinazie|zonder room,Supermarkt>Groenten,,,administrator|daycare|superdaycare,guest|editor|author|contributor|subscriber|customer|shop_manager|wpseo_manager|wpseo_editor|parent|staff|parent_extra|translator,6vat,taxable,,,,,
567,0,383,nl,Kipfilet sneetjes 200g,"<p>Product: Kipfilet sneetjes<br />
Formaat: 200g</p>",kipfilet-sneetjes-200g,1.2,,instock,,beleg|kip|kipfilet|kippenwit|snee|sneetjes,Supermarkt>Brood &amp; beleg,,,administrator|daycare|superdaycare,guest|editor|author|contributor|subscriber|customer|shop_manager|wpseo_manager|wpseo_editor|parent|staff|parent_extra|translator,6vat,taxable,,,,,
569,0,388,nl,"Ham in sneetjes, gekookt, ontvet, 250g","<p>Product: Ham in sneetjes, gekookt en ontvet<br />
Formaat: 250g</p>",ham-in-sneetjes-gekookt-ontvet-250g,2.22,,instock,,beleg|gekookt|gekookte ham|ham|hesp|ontvet|ontvette ham|snee|sneetjes,Supermarkt>Brood &amp; beleg,,,administrator|daycare|superdaycare,guest|editor|author|contributor|subscriber|customer|shop_manager|wpseo_manager|wpseo_editor|parent|staff|parent_extra|translator,6vat,taxable,,,,,
571,0,395,nl,Hamblokjes 250g,"<p>Product: hamblokjes<br />
Formaat: 250g</p>",hamblokjes-250g,1.64,,instock,,blok|blokken|ham|hamblok|hamblokjes|hamreepjes|hamrepen|hesp|hespenblok|hespenblokjes|reepjes|rpeen,Supermarkt>Vlees/Vis/Veggie,,,administrator|daycare|superdaycare,guest|editor|author|contributor|subscriber|parent|staff,6vat,taxable,,,,,
574,0,400,nl,Gehakt rund-varken 500g,"<p>Product: Gehakt rund-varken<br />
Formaat: 500g</p>",gehakt-rund-varken-500g,5.61,,instock,,bereid gehakt|gehakt|rund|rund-varken|varken,Supermarkt>Vlees/Vis/Veggie,,,administrator|daycare|superdaycare,guest|editor|author|contributor|subscriber|customer|shop_manager|wpseo_manager|wpseo_editor|parent|staff|parent_extra|translator,6vat,taxable,,,,,
576,0,403,nl,Aardappelen 5kg (groot formaat),"<p>Product: Aardappelen<br />
Formaat: 5 kg</p>",aardappelen-5kg-groot-formaat,4.67,,instock,,aardappel|aardappelen|grote aardappel|grote aardappelen,Supermarkt>Aardappelen,,,administrator|daycare|superdaycare,guest|editor|author|contributor|subscriber|customer|shop_manager|wpseo_manager|wpseo_editor|parent|staff|parent_extra|translator,6vat,taxable,,,,,
578,0,408,nl,Sla 1st,"<p>Product: Sla<br />
Formaat: 1 stuk</p>",sla-1st,7453,,instock,,salade|sla,Supermarkt>Groenten,,,administrator|daycare|superdaycare,guest|editor|author|contributor|subscriber|customer|shop_manager|wpseo_manager|wpseo_editor|parent|staff|parent_extra|translator,6vat,taxable,,,,,
580,0,409,nl,"Bananen, meer geel dan groen, 1kg (min 5st.)","<p>Product: Bananen, de bananen zijn meer geel dan groen<br />
Formaat: 1kg</p>",bananen-meer-geel-dan-groen-1kg-min-5st,9434,,instock,,banaan|bananen|fruit|geel|gele bananen,Supermarkt>Fruit,,,administrator|daycare|superdaycare,guest|editor|author|contributor|subscriber|customer|shop_manager|wpseo_manager|wpseo_editor|parent|staff|parent_extra|translator,6vat,taxable,,,,,
582,0,415,nl,"Bananen, meer groen dan geel, 1kg (min. 5st)","<p>Product: Bananen, de bananen zijn meer groen dan geel<br />
Formaat: 1kg (min. 5st)</p>",bananen-meer-groen-dan-geel-1kg-min-5st,9434,,instock,,banaan|bananen|fruit|groen|groene bananen,Supermarkt>Fruit,,,administrator|daycare|superdaycare,guest|editor|author|contributor|subscriber|customer|shop_manager|wpseo_manager|wpseo_editor|parent|staff|parent_extra|translator,6vat,taxable,,,,,
584,0,418,nl,"Meloen (min. 0,8 st)","<p>Product: Meloen <br />
Formaat: 1kg (min. 0,8 st)</p>",meloen-min-08-st,14057,,instock,,fruit|galia|galia meloen|meloen|meloenen,Supermarkt>Fruit,,,administrator|daycare|superdaycare,guest|editor|author|contributor|subscriber|customer|shop_manager|wpseo_manager|wpseo_editor|parent|staff|parent_extra|translator,6vat,taxable,,,,,
586,0,423,nl,Ananas in schijfjes in blik 580ml,"<p>Product: Ananas in schijfjes in blik<br />
Formaat: 580ml</p>",ananas-in-schijfjes-in-blik-580ml,0.9,,instock,,ananas|ananas in blik|ananas in schijfjes|blik|siroop,Supermarkt>Groenten>Pot en blik,,,administrator|daycare|superdaycare,guest|editor|author|contributor|subscriber|customer|shop_manager|wpseo_manager|wpseo_editor|parent|staff|parent_extra|translator,6vat,taxable,,,,,
588,0,428,nl,"Wasmiddel hypoallergeen, vloeibaar geconcentr. 1.9l","<p>Product: Wasmiddel hypoallergeen, vloeibaar, geconcentreerd<br />
Formaat: 1,9l</p>",wasmiddel-hypoallergeen-vloeibaar-geconcentr-1-9l,4.1,,instock,,allergisch|geconcentreerd|hypoallergeen|vloeibaar|vloeibaar wasmiddel|was|wasmiddel|wassen,Supermarkt>Onderhoud,,,administrator|daycare|superdaycare,guest|editor|author|contributor|subscriber|customer|shop_manager|wpseo_manager|wpseo_editor|parent|staff|parent_extra|translator,21vat,taxable,,,,,
590,0,437,nl,Koffiemelk in cups (10st),"<p>Product: Koffiemelk in cups<br />
Formaat: 10st</p>",koffiemelk-in-cups-10st,0.56,,instock,,cup koffiemelk|cups|koffie|koffiecups|melk,Supermarkt>Dranken,,,administrator|daycare|superdaycare,guest|editor|author|contributor|subscriber|customer|shop_manager|wpseo_manager|wpseo_editor|parent|staff|parent_extra|translator,6vat,taxable,,,,,
592,0,438,nl,Jonge kaas gouda 500g,"<p>Product: jonge kaas gouda<br />
Formaat: 500g</p>",jonge-kaas-gouda-500g,3679,,instock,,gouda|jong|jonge|jonge kaas|kaas|zuivel,Supermarkt>Brood &amp; beleg,,,administrator|daycare|superdaycare,guest|editor|author|contributor|subscriber|customer|shop_manager|wpseo_manager|wpseo_editor|parent|staff|parent_extra|translator,6vat,taxable,,,,,
595,0,448,nl,Smeerkaas 200g,"<p>Product: Smeerkaas in vlootje<br />
Formaat: 200g</p>",smeerkaas-200g,0.84,,instock,,kaas|smeerkaas|vlootje|zuivel,Supermarkt>Brood &amp; beleg,,,administrator|daycare|superdaycare,guest|editor|author|contributor|subscriber|customer|shop_manager|wpseo_manager|wpseo_editor|parent|staff|parent_extra|translator,6vat,taxable,,,,,
597,0,450,nl,Emmental geraspte kaas 100g,"<p>Product: Emmental geraspte kaas<br />
Formaat: 100g</p>",emmental-geraspte-kaas-100g,0.66,,instock,,emmental|emmentaler|geraspt|geraspte|geraspte kaas|kaas,Supermarkt>Smaak/ olie/ toppings,,,administrator|daycare|superdaycare,guest|editor|author|contributor|subscriber|customer|shop_manager|wpseo_manager|wpseo_editor|parent|staff|parent_extra|translator,6vat,taxable,,,,,
599,0,456,nl,Keukenzout 1kg,"<p>Product: Keukenzout<br />
Formaat: 1kg</p>",keukenzout-1kg,0.23,,instock,,keukenzout|kruiden|zout,Supermarkt>Smaak/ olie/ toppings,,,administrator|daycare|superdaycare,guest|editor|author|contributor|subscriber|customer|shop_manager|wpseo_manager|wpseo_editor|parent|staff|parent_extra|translator,6vat,taxable,,,,,
602,0,462,nl,Vloeiende bloem 1kg,"<p>Product: Vloeiende bloem<br />
Formaat: 1kg</p>",vloeiende-bloem-1kg,1.03,,instock,,bloem|vloeiend|vloeiende|vloeiende bloem,Supermarkt>Sauzen,,,administrator|daycare|superdaycare,guest|editor|author|contributor|subscriber|customer|shop_manager|wpseo_manager|wpseo_editor|parent|staff|parent_extra|translator,6vat,taxable,,,,,
604,0,467,nl,Siroop 450g,"<p>Product: Siroop<br />
Formaat: 450g</p>",siroop-450g,1.03,,instock,,siroop,Supermarkt>Brood &amp; beleg,,,administrator|daycare|superdaycare,guest|editor|author|contributor|subscriber|customer|shop_manager|wpseo_manager|wpseo_editor|parent|staff|parent_extra|translator,6vat,taxable,,,,,
606,0,468,nl,Speculoospasta 400g,"<p>Product: Speculoospasta<br />
Formaat: 400g</p>",speculoospasta-400g,1.86,,instock,,pasta|speculaas|speculaaspasta|speculoos|speculoospasta,Supermarkt>Brood &amp; beleg,,,administrator|daycare|superdaycare,guest|editor|author|contributor|subscriber|customer|shop_manager|wpseo_manager|wpseo_editor|parent|staff|parent_extra|translator,6vat,taxable,,,,,
608,0,469,nl,Diepvries schnitzel 1kg,"<p>Product: Diepvries schnitzel<br />
Formaat: 1 kg</p>",diepvries-schnitzel-1kg,8.67,,instock,,Diepvries|schnitzel,Supermarkt>Vlees/Vis/Veggie,,,administrator|daycare|superdaycare,guest|editor|author|contributor|subscriber|customer|shop_manager|wpseo_manager|wpseo_editor|parent|staff|parent_extra|translator,6vat,taxable,,,,,
610,0,470,nl,"Diepvries wortelen erwten 1,5kg","<p>Product: Diepvries wortelen erwten<br />
Formaat: 1,5 kg</p>",diepvries-wortelen-erwten-15kg,1.83,,instock,,Diepvries|erwten|erwten en wortelen|erwten-wortelen|groenten|wortelen|wortelen en erwten|wortelen-erwten,Supermarkt>Groenten,,,administrator|daycare|superdaycare,guest|editor|author|contributor|subscriber|customer|shop_manager|wpseo_manager|wpseo_editor|parent|staff|parent_extra|translator,6vat,taxable,,,,,
614,0,481,nl,Diepvries hamburger 1kg,"<p>Product: Diepvries hamburger<br />
Formaat: 1 kg</p>",diepvries-hamburger-1kg,8.44,,instock,,Diepvries|hamburger,Supermarkt>Vlees/Vis/Veggie,,,administrator|daycare|superdaycare,guest|editor|author|contributor|subscriber|customer|shop_manager|wpseo_manager|wpseo_editor|parent|staff|parent_extra|translator,6vat,taxable,,,,,
616,0,483,nl,Sinaasappelen 4 kg (min. 16st),"<p>Product: Sinaasappelen<br />
Formaat: 4kg (min. 16st)</p>",sinaasappelen-4-kg-min-16st,37642,,instock,,appelsien|appelsienen|fruit|sinaasappel|sinaasappelen,Supermarkt>Fruit,,,administrator|daycare|superdaycare,guest|editor|author|contributor|subscriber|customer|shop_manager|wpseo_manager|wpseo_editor|parent|staff|parent_extra|translator,6vat,taxable,,,,,
618,0,488,nl,Appelen 2kg (min. 10st),"<p>Product: Appelen<br />
Formaat: 2kg (min. 10st)</p>",appelen-2kg-min-10st,31038,,instock,,appel|appelen|eetappel|eetappelen|fruit,Supermarkt>Fruit,,,administrator|daycare|superdaycare,guest|editor|author|contributor|subscriber|customer|shop_manager|wpseo_manager|wpseo_editor|parent|staff|parent_extra|translator,6vat,taxable,,,,,
620,0,493,nl,Kiwi 12st (+/-1kg),"<p>Product: Kiwi<br />
Formaat: 12 st (+/-1kg)</p>",kiwi-12st-1kg,23500,,instock,,fruit|kiwi,Supermarkt>Fruit,,,administrator|daycare|superdaycare,guest|editor|author|contributor|subscriber|customer|shop_manager|wpseo_manager|wpseo_editor|parent|staff|parent_extra|translator,6vat,taxable,,,,,
622,0,495,nl,Rode bieten 500g (min. 3 st.),"<p>Product: Rode bieten<br />
Formaat: 500g (min. 3 st)</p>",rode-bieten-500g-min-3-st,12736,,instock,,biet|bieten|fruit|rode|rode biet|rode bieten|rood,Supermarkt>Groenten,,,administrator|daycare|superdaycare,guest|editor|author|contributor|subscriber|customer|shop_manager|wpseo_manager|wpseo_editor|parent|staff|parent_extra|translator,6vat,taxable,,,,,
624,0,501,nl,Peren 6st (+/- 1kg),"<p>Product: Peren<br />
Formaat: 6st (+/-1kg)</p>",peren-6st-1kg,1333,,instock,,fruit|peer|peren,Supermarkt>Fruit,,,administrator|daycare|superdaycare,guest|editor|author|contributor|subscriber|customer|shop_manager|wpseo_manager|wpseo_editor|parent|staff|parent_extra|translator,6vat,taxable,,,,,
626,0,504,nl,Diepvries ui gesneden 2.5kg,"<p>Product: Diepvries ui gesneden<br />
Formaat: 2.5kg</p>",diepvries-ui-gesneden-2-5kg,3.35,,instock,,ajuin|ajuinen|Diepvries|diepvries ui|geneden ui|gesneden uien|ui|uien,Supermarkt>Groenten,,,administrator|daycare|superdaycare,guest|editor|author|contributor|subscriber|customer|shop_manager|wpseo_manager|wpseo_editor|parent|staff|parent_extra|translator,6vat,taxable,,,,,
628,0,511,nl,Diepvries prei (zonder room) 2.5kg,"<p>Product: Diepvries prei (zonder room)<br />
Formaat: 2.5kg</p>",diepvries-prei-zonder-room-2-5kg,3.02,,instock,,Diepvries|diepvries gesneden prei|diepvries prei|diepvries prei zonder room|gesneden prei|prei|prei zonder room,Supermarkt>Groenten,,,administrator|daycare|superdaycare,guest|editor|author|contributor|subscriber|customer|shop_manager|wpseo_manager|wpseo_editor|parent|staff|parent_extra|translator,6vat,taxable,,,,,
631,0,517,nl,Passata 500g,"<p>Product: Passata<br />
Formaat: 500g</p>",passata-500g,0.31,,instock,,passata,Supermarkt>Groenten>Pot en blik,,,administrator|daycare|superdaycare,guest|editor|author|contributor|subscriber|customer|shop_manager|wpseo_manager|wpseo_editor|parent|staff|parent_extra|translator,6vat,taxable,,,,,
633,0,519,nl,Vuilzak 60l 15st,"<p>Product: Vuilzak 60l<br />
Formaat: 15st</p>",vuilzak-60l-15st,0.62,,instock,,afval|vuilniszak|vuilzak,Supermarkt>Onderhoud,,,administrator|daycare|superdaycare,guest|editor|author|contributor|subscriber|customer|shop_manager|wpseo_manager|wpseo_editor|parent|staff|parent_extra|translator,21vat,taxable,,,,,
636,0,523,nl,Afwasmiddel citroen 1l,"<p>Product: Afwasmiddel citroen<br />
Formaat: 1l</p>",afwasmiddel-citroen-1l,0.54,,instock,,afwas|afwasmiddel|citroen,Supermarkt>Onderhoud,,,administrator|daycare|superdaycare,guest|editor|author|contributor|subscriber|customer|shop_manager|wpseo_manager|wpseo_editor|parent|staff|parent_extra|translator,21vat,taxable,,,,,
638,0,527,nl,WC ontkalker Harpic 750ml,"<p>Product: WC ontkalker Harpic<br />
Formaat: 750ml</p>",wc-ontkalker-harpic-750ml,12100,,instock,,harpic|ontkalker|toiletreiniger|wc,Supermarkt>Onderhoud,,,administrator|daycare|superdaycare,guest|editor|author|contributor|subscriber|customer|shop_manager|wpseo_manager|wpseo_editor|parent|staff|parent_extra|translator,21vat,taxable,,,,,
640,0,531,nl,Allesreiniger 2l,"<p>Product: Allesreiniger<br />
Formaat: 2l</p>",allesreiniger-2l,7355,,instock,,2l|allesreiniger|citroen|poetsmiddel,Supermarkt>Onderhoud,,,administrator|daycare|superdaycare,guest|editor|author|contributor|subscriber|customer|shop_manager|wpseo_manager|wpseo_editor|parent|staff|parent_extra|translator,21vat,taxable,,,,,
642,0,534,nl,Kruidenkaas 150g,"<p>Product: Kruidenkaas<br />
Formaat: 150g</p>",kruidenkaas-150g,0.65,,instock,,kaas|kruiden|kruidenkaas|zuivel,Supermarkt>Brood &amp; beleg,,,administrator|daycare|superdaycare,guest|editor|author|contributor|subscriber|customer|shop_manager|wpseo_manager|wpseo_editor|parent|staff|parent_extra|translator,6vat,taxable,,,,,
644,0,536,nl,Olijfolie EV 1l,"<p>Product: Olijfolie extra vergine<br />
Formaat: 1l</p>",olijfolie-ev-1l,4.08,,instock,,extra vergine|olie|olijfolie|vergine,Supermarkt>Smaak/ olie/ toppings,,,administrator|daycare|superdaycare,guest|editor|author|contributor|subscriber|customer|shop_manager|wpseo_manager|wpseo_editor|parent|staff|parent_extra|translator,6vat,taxable,,,,,
646,0,540,nl,Chocopasta 750g,"<p>Product: Chocopasta<br />
Formaat: 750g</p>",chocopasta-750g,1.88,,instock,,choco|chocolade|chocopasta,Supermarkt>Brood &amp; beleg,,,administrator|daycare|superdaycare,guest|editor|author|contributor|subscriber|customer|shop_manager|wpseo_manager|wpseo_editor|parent|staff|parent_extra|translator,6vat,taxable,,,,,
648,0,544,nl,Cake tijgerrol,"<p>Product: Cake tijgerrol<br />
Formaat: 300g</p>",cake-tijgerrol,0.81,,instock,,cake|cake tijgerrol|tijgerrol,Supermarkt>Sauzen,,,administrator|daycare|superdaycare,guest|editor|author|contributor|subscriber|customer|shop_manager|wpseo_manager|wpseo_editor|parent|staff|parent_extra|translator,6vat,taxable,,,,,
650,0,548,nl,Diepvries bonen 1.5kg,"<p>Product: Diepvries bonen<br />
Formaat: 1.5kg</p>",diepvries-bonen-1-5kg,1265,,instock,,bonen|Diepvries,Supermarkt>Groenten,,,administrator|daycare|superdaycare,guest|editor|author|contributor|subscriber|customer|shop_manager|wpseo_manager|wpseo_editor|parent|staff|parent_extra|translator,6vat,taxable,,,,,
652,0,550,nl,Diepvries tomatenblokjes 2.5kg,"<p>Product: Diepvries tomatenblokjes<br />
Formaat: 2.5kg</p>",diepvries-tomatenblokjes-2-5kg,3.89,,instock,,Diepvries|diepvries tomatenblokjes|tomaten|tomatenblok|tomatenblokjes,Supermarkt>Groenten,,,administrator|daycare|superdaycare,guest|editor|author|contributor|subscriber|customer|shop_manager|wpseo_manager|wpseo_editor|parent|staff|parent_extra|translator,6vat,taxable,,,,,
654,0,552,nl,Diepvries courgette schrijfjes 2.5kg,"<p>Product: Diepvries courgette in schijfjes<br />
Formaat: 2.5kg</p>",diepvries-courgette-schrijfjes-2-5kg,4.13,,instock,,courgette|courgetteschijfjes|Diepvries|schijfjes,Supermarkt>Groenten,,,administrator|daycare|superdaycare,guest|editor|author|contributor|subscriber|customer|shop_manager|wpseo_manager|wpseo_editor|parent|staff|parent_extra|translator,6vat,taxable,,,,,
656,0,556,nl,"Azijn 1,5l","<p>Product: Azijn<br />
Formaat: 1,5l</p>",azijn-15l,4623,,instock,,azijn,Supermarkt>Smaak/ olie/ toppings,,,administrator|daycare|superdaycare,guest|editor|author|contributor|subscriber|customer|shop_manager|wpseo_manager|wpseo_editor|parent|staff|parent_extra|translator,6vat,taxable,,,,,
658,0,558,nl,Billendoekjes 80st,"<p>Product: Baby billendoekjes<br />
Formaat: 80st</p>",billendoekjes-80st,852,,instock,,baby|babydoekjes|billen|billendoekjes|doeken|natte doekjes|vochtige|vochtige doekjes,Supermarkt>Verzorging,,,administrator|daycare|superdaycare,guest|editor|author|contributor|subscriber|parent|staff,21vat,taxable,,,,,
661,0,562,nl,Zakdoekjes tissues doos,"<p>Product: zakdoekjes tissues in doosje<br />
Formaat: 150 tissues/doosje</p>",zakdoekjes-tissues-doos,4900,,instock,,doekjes|doosje|papier|tissue|tissue doos|tissues|zakdoek|zakdoekjes,Supermarkt>Verzorging,,,administrator|daycare|superdaycare,guest|editor|author|contributor|subscriber|customer|shop_manager|wpseo_manager|wpseo_editor|parent|staff|parent_extra|translator,21vat,taxable,,,,,
664,0,563,nl,Wattenstaafjes 200st,"<p>Product: Wattenstaafjes<br />
Formaat: 200st</p>",wattenstaafjes-200st,0.25,,instock,,wattenstaafje|wattenstaafjes,Supermarkt>Verzorging,,,administrator|daycare|superdaycare,guest|editor|author|contributor|subscriber|customer|shop_manager|wpseo_manager|wpseo_editor|parent|staff|parent_extra|translator,21vat,taxable,,,,,
666,0,566,nl,Handschoenen vinyl Maat M 100st,"<p>Product: Handschoenen vinyl Maat M<br />
Formaat: 100st</p>",handschoenen-vinyl-maat-m-100st,4.54,,instock,,handschoen|handschoenen|maat medium|vinyl,Supermarkt>Verzorging,,,administrator|daycare|superdaycare,guest|editor|author|contributor|subscriber|customer|shop_manager|wpseo_manager|wpseo_editor|parent|staff|parent_extra|translator,21vat,taxable,,,,,
668,0,570,nl,Batterij C 2st,"<p>Product: Batterij C<br />
Formaat: 2st</p>",batterij-c-2st,1645,,instock,,batterij|batterij C|batterijen|C|C batterij,Supermarkt>Bureaumateriaal,,,administrator|daycare|superdaycare,guest|editor|author|contributor|subscriber|customer|shop_manager|wpseo_manager|wpseo_editor|parent|staff|parent_extra|translator,21vat,taxable,,,,,
672,0,578,nl,Batterij D 2st,"<p>Product: Batterij D<br />
Formaat: 2st</p>",batterij-d-2st,1653,,instock,,batterij|batterij D|batterijen|D|D batterij,Supermarkt>Bureaumateriaal,,,administrator|daycare|superdaycare,guest|editor|author|contributor|subscriber|customer|shop_manager|wpseo_manager|wpseo_editor|parent|staff|parent_extra|translator,21vat,taxable,,,,,
674,0,579,nl,Appelmousseline 720g,"<p>Product: Appelmousseline<br />
Formaat: 720g</p>",appelmousseline-720g,802,,instock,,appel|appelmousseline|mousseline,Supermarkt>Groenten>Pot en blik,,,administrator|daycare|superdaycare,guest|editor|author|contributor|subscriber|customer|shop_manager|wpseo_manager|wpseo_editor|parent|staff|parent_extra|translator,6vat,taxable,,,,,
676,0,582,nl,Diepvries Vis Graatloos 400g,"<p>Product: Diepvries Vis Graatloos<br />
Formaat: 400g</p>",diepvries-vis-graatloos-400g,1.69,,instock,,Diepvries|graatloos|vis,Supermarkt>Vlees/Vis/Veggie,,,administrator|daycare|superdaycare,guest|editor|author|contributor|subscriber|customer|shop_manager|wpseo_manager|wpseo_editor|parent|staff|parent_extra|translator,6vat,taxable,,,,,
678,0,585,nl,Diepvries prei in room porties 1kg,"<p>Product: Diepvries prei in room porties<br />
Formaat: 1kg</p>",diepvries-prei-in-room-porties-1kg,2.69,,instock,,Diepvries|porties|prei|prei in room|prei met room|room,Supermarkt>Groenten,,,administrator|daycare|superdaycare,guest|editor|author|contributor|subscriber|customer|shop_manager|wpseo_manager|wpseo_editor|parent|staff|parent_extra|translator,6vat,taxable,,,,,
680,0,590,nl,Diepvries Soepballetjes 1kg,"<p>Product: Diepvries soepballetjes<br />
Formaat: 1kg</p>",diepvries-soepballetjes-1kg,5614,,instock,,balletjes|Diepvries|soep|soepballetjes,Supermarkt>Vlees/Vis/Veggie,,,administrator|daycare|superdaycare,guest|editor|author|contributor|subscriber|customer|shop_manager|wpseo_manager|wpseo_editor|parent|staff|parent_extra|translator,6vat,taxable,,,,,
682,0,593,nl,Diepvries champignon 2.5kg,"<p>Product: Diepvries champignon<br />
Formaat: 2.5kg</p>",diepvries-champignon-2-5kg,5.85,,instock,,champignon|Diepvries,Supermarkt>Groenten,,,administrator|daycare|superdaycare,guest|editor|author|contributor|subscriber|customer|shop_manager|wpseo_manager|wpseo_editor|parent|staff|parent_extra|translator,6vat,taxable,,,,,
684,0,595,nl,Diepvries Peterselie 300g,"<p>Product: Diepvries peterselie<br />
Formaat: 300g</p>",diepvries-peterselie-300g,1234,,instock,,Diepvries|kruiden|peterselie,Supermarkt>Groenten,,,administrator|daycare|superdaycare,guest|editor|author|contributor|subscriber|customer|shop_manager|wpseo_manager|wpseo_editor|parent|staff|parent_extra|translator,6vat,taxable,,,,,
686,0,597,nl,Toiletpapier 12rollen,"<p>Product: Toiletpapier<br />
Formaat: 12 rollen</p>",toiletpapier-12rollen,2463,,instock,,papier|toilet|toiletpapier,Supermarkt>Verzorging,,,administrator|daycare|superdaycare,guest|editor|author|contributor|subscriber|customer|shop_manager|wpseo_manager|wpseo_editor|parent|staff|parent_extra|translator,21vat,taxable,,,,,
688,0,601,nl,Koffiepads 36st,"<p>Product: Koffiepads<br />
Formaat: 36st</p>",koffiepads-36st,1585,,instock,,koffie|koffiepads|pads,Supermarkt>Dranken,,,administrator|daycare|superdaycare,guest|editor|author|contributor|subscriber|customer|shop_manager|wpseo_manager|wpseo_editor|parent|staff|parent_extra|translator,6vat,taxable,,,,,
690,0,604,nl,Express bindmiddel witte saus 250g,"<p>Product: Express bindmiddel witte saus<br />
Formaat: 250g</p>",express-bindmiddel-witte-saus-250g,614,,instock,,bindmiddel|expr|express|saus|witte|witte saus,Supermarkt>Sauzen,,,administrator|daycare|superdaycare,guest|editor|author|contributor|subscriber|customer|shop_manager|wpseo_manager|wpseo_editor|parent|staff|parent_extra|translator,6vat,taxable,,,,,
692,0,611,nl,Tomatenpuree dubbel geconcentreerd 140g,"<p>Product: Tomatenpuree dubbel geconcentreerd<br />
Formaat: 140g</p>",tomatenpuree-dubbel-geconcentreerd-140g,284,,instock,,dubbel|dubbel geconcentreerd|geconcentreerd|puree|tomaten|tomatenpuree,Supermarkt>Groenten>Pot en blik,,,administrator|daycare|superdaycare,guest|editor|author|contributor|subscriber|customer|shop_manager|wpseo_manager|wpseo_editor|parent|staff|parent_extra|translator,6vat,taxable,,,,,
694,0,616,nl,Handzeep,"<p>Product: Handzeep<br />
Formaat: 500ml</p>",handzeep,405,,instock,,hand|handen|handzeep|zeep,Supermarkt>Verzorging,,,administrator|daycare|superdaycare,guest|editor|author|contributor|subscriber|customer|shop_manager|wpseo_manager|wpseo_editor|parent|staff|parent_extra|translator,21vat,taxable,,,,,
696,0,621,nl,Diepvrieszakjes 1l 75st,"<p>Product: Diepvrieszakjes 1l<br />
Formaat: 75st</p>",diepvrieszakjes-1l-75st,1645,,instock,,1l|diepvrieszak|diepvrieszakje|diepvrieszakjes,Supermarkt>Sauzen,,,administrator|daycare|superdaycare,guest|editor|author|contributor|subscriber|customer|shop_manager|wpseo_manager|wpseo_editor|parent|staff|parent_extra|translator,21vat,taxable,,,,,
698,0,626,nl,Diepvrieszakjes 3l 75st,"<p>Product: Diepvrieszakjes 3l<br />
Formaat: 75st</p>",diepvrieszakjes-3l-75st,1.53,,instock,,3l|diepvrieszak|diepvrieszakje|diepvrieszakjes,Supermarkt>Sauzen,,,administrator|daycare|superdaycare,guest|editor|author|contributor|subscriber|customer|shop_manager|wpseo_manager|wpseo_editor|parent|staff|parent_extra|translator,21vat,taxable,,,,,
701,0,627,nl,Vuilzakjes Swirl 10l,"<p>Product: Vuilzakjes Swirl<br />
Formaat: 10l</p>",vuilzakjes-swirl-10l,1645,,instock,,10l|swirl|vuilzak|vuilzakje,Supermarkt>Onderhoud,,,administrator|daycare|superdaycare,guest|editor|author|contributor|subscriber|customer|shop_manager|wpseo_manager|wpseo_editor|parent|staff|parent_extra|translator,21vat,taxable,,,,,
703,0,631,nl,Vuilzakjes Swirl 5l,"<p>Product: Vuilzakjes Swirl<br />
Formaat: 5l</p>",vuilzakjes-swirl-5l,1.48,,instock,,5l|swirl|vuilzak|vuilzakje,Supermarkt>Onderhoud,,,administrator|daycare|superdaycare,guest|editor|author|contributor|subscriber|customer|shop_manager|wpseo_manager|wpseo_editor|parent|staff|parent_extra|translator,21vat,taxable,,,,,
705,0,633,nl,Printpapier 80g 500vellen,"<p>Product: Printpapier<br />
Formaat: 80g 500 vellen</p>",printpapier-80g-500vellen,2645,,instock,,kopieer|kopieerpapier|papier|print|printpapier,Supermarkt>Bureaumateriaal,,,administrator|daycare|superdaycare,guest|editor|author|contributor|subscriber|customer|shop_manager|wpseo_manager|wpseo_editor|parent|staff|parent_extra|translator,21vat,taxable,,,,,
707,0,638,nl,Venkel 1kg (min. 1st),"<p>Product: Venkel<br />
Formaat: 1kg (min. 1 st)</p>",venkel-1kg-min-1st,1595,,instock,,venkel|vers|verse venkel,Supermarkt>Groenten,,,administrator|daycare|superdaycare,guest|editor|author|contributor|subscriber|customer|shop_manager|wpseo_manager|wpseo_editor|parent|staff|parent_extra|translator,6vat,taxable,,,,,
709,0,639,nl,Kalkreiniger spray 750ml,"<p>Product: kalkreiniger spray<br />
Formaat: 750ml</p>",kalkreiniger-spray-750ml,1232,,instock,,kalk|kalkreiniger|ontkalken|spray,Supermarkt>Onderhoud,,,administrator|daycare|superdaycare,guest|editor|author|contributor|subscriber|customer|shop_manager|wpseo_manager|wpseo_editor|parent|staff|parent_extra|translator,21vat,taxable,,,,,
711,0,644,nl,Enveloppe,"<p><span style=""vertical-align: inherit;""><span style=""vertical-align: inherit;""><span style=""vertical-align: inherit;""><span style=""vertical-align: inherit;""><span style=""vertical-align: inherit;""><span style=""vertical-align: inherit;""><span style=""vertical-align: inherit;""><span style=""vertical-align: inherit;""><span style=""vertical-align: inherit;""><span style=""vertical-align: inherit;""><span style=""vertical-align: inherit;""><span style=""vertical-align: inherit;""><span style=""vertical-align: inherit;""><span style=""vertical-align: inherit;""><span style=""vertical-align: inherit;""><span style=""vertical-align: inherit;""><span style=""vertical-align: inherit;""><span style=""vertical-align: inherit;"">Product: Letter wraps, envelope </span></span></span></span></span></span></span></span></span></span></span></span></span></span></span></span></span></span><br />
<span style=""vertical-align: inherit;""><span style=""vertical-align: inherit;""><span style=""vertical-align: inherit;""><span style=""vertical-align: inherit;""><span style=""vertical-align: inherit;""><span style=""vertical-align: inherit;""><span style=""vertical-align: inherit;""><span style=""vertical-align: inherit;""><span style=""vertical-align: inherit;""><span style=""vertical-align: inherit;""><span style=""vertical-align: inherit;""><span style=""vertical-align: inherit;""><span style=""vertical-align: inherit;""><span style=""vertical-align: inherit;""><span style=""vertical-align: inherit;""><span style=""vertical-align: inherit;""><span style=""vertical-align: inherit;""><span style=""vertical-align: inherit;"">Size: 200pcs, cover 114x162mm</span></span></span></span></span></span></span></span></span></span></span></span></span></span></span></span></span></span></p>",enveloppe,2802,,instock,,brief|briefomslag|briefomslagen|brieven|enveloppe|enveloppen|enveloppes|omslag|omslagen,Supermarkt>Bureaumateriaal,,,administrator|daycare|superdaycare,parent|staff|parent_extra,21vat,taxable,,,,,
713,0,654,nl,Zout vaatwasmachine 4kg,"<p>Product: Regeneerzout, zout voor vaatwasmachine<br />
Formaat: 4kg</p>",zout-vaatwasmachine-4kg,2.39,,instock,,afwasmachine|regenereerzout|vaatwas|vaatwasmachine|zout|zout afwasmachine|zout vaatwas|zout vaatwasmachine|zout voor afwasmachine,Supermarkt>Onderhoud,,,administrator|daycare|superdaycare,guest|editor|author|contributor|subscriber|customer|shop_manager|wpseo_manager|wpseo_editor|parent|staff|parent_extra|translator,21vat,taxable,,,,,
718,0,659,nl,Koekjesassortiment 500g,"<p>Product: Koekjesassortiment, assortiment van verschillende soorten koeken<br />
Formaat: 500g</p>",koekjesassortiment-500g,3104,,instock,,assortiment|assortiment van koeken|assortiment van koekjes|koek|koeken|koekenassortiment|koekjes|koekjesassortiment,Supermarkt>Sauzen,,,administrator|daycare|superdaycare,guest|editor|author|contributor|subscriber|customer|shop_manager|wpseo_manager|wpseo_editor|parent|staff|parent_extra|translator,6vat,taxable,,,,,
723,0,667,nl,Onstopper 5l,"<p>Product: Ontstopper<br />
Formaat: 5l</p>",onstopper-5l,7.81,,instock,,5l|onstoppen|onstopper,Supermarkt>Onderhoud,,,administrator|daycare|superdaycare,guest|editor|author|contributor|subscriber|customer|shop_manager|wpseo_manager|wpseo_editor|parent|staff|parent_extra|translator,21vat,taxable,,,,,
729,0,673,nl,Vershoudfolie 300m,"<p>Product: Vershoudfolie<br />
Formaat: 300m x 29cm</p>",vershoudfolie-300m,7.43,,instock,,folie|vershouden|vershoudfolie,Supermarkt>Groenten>Pot en blik,,,administrator|daycare|superdaycare,guest|editor|author|contributor|subscriber|customer|shop_manager|wpseo_manager|wpseo_editor|parent|staff|parent_extra|translator,21vat,taxable,,,,,
732,0,674,nl,Koffiebonen Cubzz dessert 500g,"<p>Product: Koffiebonen Cubzz dessert<br />
Extra info: Het merk Cubzz schenkt al zijn winst aan goede doelen die kinderen kansen geven!<br />
Formaat: 500g</p>",koffiebonen-cubzz-dessert-500g,3765,,instock,,cubzz|dessert|koffie|koffiebonen|koffiebonen cubzz,Supermarkt>Dranken,,,administrator|daycare|parent|staff|parent_extra|superdaycare,guest|editor|author|contributor|subscriber|customer|shop_manager|wpseo_manager|wpseo_editor|translator,6vat,taxable,,,,,
810,0,704,nl,Gemalen koffie Cubzz dessert 250g,"<p>Product: Gemalen koffie Cubzz<br />
Extra info: Het merk Cubzz schenkt al zijn winst aan goede doelen die kinderen kansen geven!<br />
Formaat: 250g</p>",gemalen-koffie-cubzz-dessert-250g,1406,,instock,,cubzz|dessert|koffie|koffiebonen|koffiebonen cubzz,Supermarkt>Dranken,,,administrator|daycare|parent|staff|parent_extra|superdaycare,guest|editor|author|contributor|subscriber|customer|shop_manager|wpseo_manager|wpseo_editor|translator,6vat,taxable,,,,,
870,0,716,nl,Gelei aardbei MATTERNE 450g,"<p>Product: Gelei aardbei</p>
<p>Merk: Matterne</p>
<p>Formaat: 450g</p>",gelei-aardbei-matterne-450g,2727,,instock,,aardbei|aardbeien|aardbeigelei|gelei|matterne|rood|vruchten,Supermarkt>Brood &amp; beleg,,,administrator|daycare|superdaycare,guest|editor|author|contributor|subscriber|customer|shop_manager|wpseo_manager|wpseo_editor|parent|staff|parent_extra|translator,6vat,taxable,,,,,
872,0,717,nl,Smeerboter Alpro soya 250g,"<p>Product: Smeerboter </p>
<p>Merk: Alpro soya</p>
<p>Formaat: 250g</p>",smeerboter-alpro-soya-250g,10284,,instock,,alpro|alpro soya|boter|natuurlijk|smeerboter|smeren|soja|soya,Supermarkt>Brood &amp; beleg,,,administrator|daycare|superdaycare,guest|editor|author|contributor|subscriber|customer|shop_manager|wpseo_manager|wpseo_editor|parent|staff|parent_extra|translator,6vat,taxable,,,,,
875,0,725,nl,Smeerkaas dubbelroom Maredsous 250g,"<p>Product: Smeerkaas dubbelroom </p>
<p>Merk: Maredsous </p>
<p>Formaat: 250g, vlootje</p>",smeerkaas-dubbelroom-maredsous-250g,3151,,instock,,double crème|dubbele room|kaas|maredsous|smeerkaas|vloot|vlootje,Supermarkt>Brood &amp; beleg,,,administrator|daycare|superdaycare,guest|editor|author|contributor|subscriber|customer|shop_manager|wpseo_manager|wpseo_editor|parent|staff|parent_extra|translator,6vat,taxable,3.1509,,,,
899,0,737,nl,Vaatwastabletten 70st,"<p>Product: Vaatwastabletten voor vaatwasmachine, All-in-one<br />
Formaat: 70st</p>",vaatwastabletten-70st,3554,,instock,,afwas|afwasmachine|tabletten|vaatwastablet|vaatwastabletten,Supermarkt>Onderhoud,,,administrator|daycare|superdaycare,guest|editor|author|contributor|subscriber|customer|shop_manager|wpseo_manager|wpseo_editor|parent|staff|parent_extra|translator,21vat,taxable,,,,,
909,0,742,nl,Spoelglans 1l,"<p>Product: Spoelmiddel voor vaatwasmachine, Spoelglans<br />
Formaat: 1l</p>",spoelglans-1l,1645,,instock,,afwas|afwasmachine|spoel|spoelglans|spoelglansmiddel|spoelmiddel|vaatwas|vaatwasmachine,Supermarkt>Onderhoud,,,administrator|daycare|superdaycare,guest|editor|author|contributor|subscriber|customer|shop_manager|wpseo_manager|wpseo_editor|parent|staff|parent_extra|translator,21vat,taxable,,,,,
922,0,752,nl,Schuurspons 10st,"<p>Product: Schuursponsen<br />
Formaat: 10st</p>",schuurspons-10st,372,,instock,,schuren|schuurspons|schuursponsen|spons|sponsen,Supermarkt>Onderhoud,,,administrator|daycare|superdaycare,guest|editor|author|contributor|subscriber|customer|shop_manager|wpseo_manager|wpseo_editor|parent|staff|parent_extra|translator,21vat,taxable,,,,,
924,0,758,nl,WC gel javel den 1l,"<p>Product: WC gel javel den<br />
Formaat: 1l</p>",wc-gel-javel-den-1l,488,,instock,,javel|reinigen|toilet|toiletreiniger|wc|wc reiniger,Supermarkt>Onderhoud,,,administrator|daycare|superdaycare,guest|editor|author|contributor|subscriber|customer|shop_manager|wpseo_manager|wpseo_editor|parent|staff|parent_extra|translator,21vat,taxable,,,,,
928,0,763,nl,WC eco gel reinigen den 750ml,"<p>Product: WC eco gel reinigen den<br />
Formaat: 750ml</p>",wc-eco-gel-reinigen-den-750ml,1364,,instock,,den|eco|ecologisch|reinigen|toilet|toiletreiniger|wc|wc reiniger,Supermarkt>Onderhoud,,,administrator|daycare|superdaycare,guest|editor|author|contributor|subscriber|customer|shop_manager|wpseo_manager|wpseo_editor|parent|staff|parent_extra|translator,21vat,taxable,,,,,
940,0,775,nl,Appelen 6st (+/-1kg),"<p>Product: Appelen<br />
Formaat: 6st (+/-1kg)</p>",appelen-6st-1kg,2538,,instock,,appel|appelen|eetappel|eetappelen|fruit,Supermarkt>Fruit,,,administrator|daycare|superdaycare,guest|editor|author|contributor|subscriber|customer|shop_manager|wpseo_manager|wpseo_editor|parent|staff|parent_extra|translator,6vat,taxable,,,,,
950,0,776,nl,Sinaasappelen 1 kg (los) (min. 3st),"<p>Product: Sinaasappelen<br />
Formaat: los verkocht, 1 kg (min. 3st)</p>",sinaasappelen-1-kg-los-min-3st,1595,,instock,,appelsien|appelsienen|fruit|mignonettes|sinaasappel|sinaasappelen,Supermarkt>Fruit,,,administrator|daycare|superdaycare,guest|editor|author|contributor|subscriber|customer|shop_manager|wpseo_manager|wpseo_editor|parent|staff|parent_extra|translator,6vat,taxable,,,,,
1179,0,834,nl,Hamreepjes 2x100g,"<p>Product: hamreepjes, ham gekookt in reepjes<br />
Formaat: 2x100g</p>",hamreepjes-2x100g,1963,,instock,,gekookt|gekookte ham|ham|hamblokjes|hamblokken|hamreep|hamreepjes|hesp|hespenreepjes|hespenrepen|hespreepjes|hesprepen|reepjes,Supermarkt>Vlees/Vis/Veggie,,,administrator|daycare|superdaycare,guest|editor|author|contributor|subscriber|parent|staff,6vat,taxable,,,,,
1205,0,845,nl,"Plat Water Nestlé Pure Life 6x1,5l","<p>Product: Plat water, niet bruisend</p>
<p>Merk: Nestlé Pure Life</p>
<p>Extra info: Water is geschikt voor babyvoeding</p>
<p>Formaat: 1,5l</p>",plat-water-nestle-pure-life-615l,3793,,instock,,2|babyvoeding|l|life|nestle|nestle pure life|niet-bruisend|plat|pure|pure life|water,Supermarkt>Dranken,,,administrator|daycare|superdaycare,guest|editor|author|contributor|subscriber|customer|shop_manager|wpseo_manager|wpseo_editor|parent|staff|parent_extra|translator,6vat,taxable,,,,,
1208,0,851,nl,"Afwasmiddel Dreft original 1,48l","<p>Product: Afwasmiddel </p>
<p>Merk: Dreft original, kleur groen</p>
<p>Formaat: 1,48l</p>",afwasmiddel-dreft-original-148l,4124,,instock,,afwas|afwasmiddel|dreft|groene dreft|original,Supermarkt>Onderhoud,,,administrator|daycare|superdaycare,guest|editor|author|contributor|subscriber|customer|shop_manager|wpseo_manager|wpseo_editor|parent|staff|parent_extra|translator,21vat,taxable,,,,,
1210,0,855,nl,Persil vl.wasm. color 40d,"<p>Product: Wamiddel</p>
<p>Merk: Persil vloeibaar wasmiddel color</p>
<p>Formaat: 40d (2l)</p>",persil-vl-wasm-color-40d,9.91,,instock,,color|kleur|kleuren|kleurwas|persil|persil color|vloeibaar wasmiddel|was|wassen,Supermarkt>Onderhoud,,,administrator|daycare|superdaycare,guest|editor|author|contributor|subscriber|customer|shop_manager|wpseo_manager|wpseo_editor|parent|staff|parent_extra|translator,21vat,taxable,,,,,
1212,0,856,nl,Omino Bianco vl.wasm. Wit 40d,"<p>Product: Wasmiddel, wit, vloeibaar wasmiddel voor witte was</p>
<p>Merk: Omino Bianco</p>
<p>Formaat: 40d (2l)</p>",omino-bianco-vl-wasm-wit-40d,7.43,,instock,,omino bianco|vloeibaar wasmiddel|was|wassen|white|wit|witte was,Supermarkt>Onderhoud,,,administrator|daycare|superdaycare,guest|editor|author|contributor|subscriber|customer|shop_manager|wpseo_manager|wpseo_editor|parent|staff|parent_extra|translator,21vat,taxable,,,,,
1214,0,857,nl,Omino Bianco vl.wasm. Nature Fresh 40d,"<p>Product: Wasmiddel, vloeibaar wasmiddel, geur Nature fresh</p>
<p>Merk: Omino Bianco</p>
<p>Formaat: 40d (2l)</p>",omino-bianco-vl-wasm-nature-fresh-40d,7.43,,instock,,color|kleur|kleuren|kleurwas|nature fresh|omino bianco|vloeibaar wasmiddel|was|wasmiddel|wassen,Supermarkt>Onderhoud,,,administrator|daycare|superdaycare,guest|editor|author|contributor|subscriber|customer|shop_manager|wpseo_manager|wpseo_editor|parent|staff|parent_extra|translator,21vat,taxable,,,,,
1216,0,858,nl,Ariel vl. wasmiddel color 30d,"<p>Product: Wasmiddel, vloeibaar wasmiddel, color</p>
<p>Merk: Ariel</p>
<p>Formaat: 30d (1,65l)</p>",ariel-vl-wasmiddel-color-30d,5554,,instock,,ariel|ariel color|color|kleur|kleuren|kleurwas|vloeibaar wasmiddel|was|wasmiddel|wassen,Supermarkt>Onderhoud,,,administrator|daycare|superdaycare,guest|editor|author|contributor|subscriber|customer|shop_manager|wpseo_manager|wpseo_editor|parent|staff|parent_extra|translator,21vat,taxable,,,,,
1223,0,872,nl,Dash vl. wasm. stralend wit 42d,"<p>Product: Wasmiddel, vloeibaar wasmiddel voor witte was, stralend wit</p>
<p>Merk: Dash</p>
<p>Formaat: 42d (2.31l)</p>",dash-vl-wasm-stralend-wit-42d,12389,,instock,,ariel|ariel color|vloeibaar wasmiddel|was|wasmiddel|wassen|white|wit|witte was,Supermarkt>Onderhoud,,,administrator|daycare|superdaycare,guest|editor|author|contributor|subscriber|customer|shop_manager|wpseo_manager|wpseo_editor|parent|staff|parent_extra|translator,21vat,taxable,,,,,
1225,0,873,nl,Eres javel-solid ontsmett. tabl. 48st,"<p>Product: Javel-solid ontsmettende bruistabletten</p>
<p>Merk: Eres</p>
<p>Formaat: 48st</p>",eres-javel-solid-ontsmett-tabl-48st,4.92,,instock,,ariel|ariel color|vloeibaar wasmiddel|was|wasmiddel|wassen|white|wit|witte was,Supermarkt>Onderhoud,,,administrator|daycare|superdaycare,guest|editor|author|contributor|subscriber|customer|shop_manager|wpseo_manager|wpseo_editor|parent|staff|parent_extra|translator,21vat,taxable,,,,,
1227,0,874,nl,Handzeep Sunlight 0%,"<p>Product: Handzeep 0% (0% parabenen, 0% colorant, ph neutraal)</p>
<p>Merk: Sunlight</p>
<p>Formaat: 250ml</p>",handzeep-sunlight-0,1.81,,instock,,0%|hand|handen|handzeep|handzeep voor kinderen|kinderen|sunlight|vloeibare zeep|vloeibare zeep voor kinderen|zeep,Supermarkt>Verzorging,,,administrator|daycare|superdaycare,guest|editor|author|contributor|subscriber|customer|shop_manager|wpseo_manager|wpseo_editor|parent|staff|parent_extra|translator,21vat,taxable,,,,,
1229,0,881,nl,Gemalen koffie Graindor dessert blik 250g,"<p>Product: Gemalen koffie Graindor dessert, blik<br />
<br />
Formaat: 250g, blik</p>",gemalen-koffie-graindor-dessert-blik-250g,4293,,instock,,blik|dessert|graindor|koffie|koffie in blik|koffiebonen|koffiebonen graindor,Supermarkt>Dranken,,,administrator|daycare|superdaycare,guest|editor|author|contributor|subscriber|parent,6vat,taxable,,,,,
1234,0,886,nl,Aluminiumfolie 30m,"<p>Product: Aluminiumfolie<br />
Formaat: 30m</p>",aluminiumfolie-30m,1612,,instock,,folie|vershouden|vershoudfolie,Supermarkt>Groenten>Pot en blik,,,administrator|daycare|superdaycare,guest|editor|author|contributor|subscriber|parent|staff,21vat,taxable,,,,,
1236,0,887,nl,Vershoudfolie 100m,"<p>Product: Vershoudfolie<br />
Formaat: 100m x 29cm</p>",vershoudfolie-100m,1265,,instock,,folie|vershouden|vershoudfolie,Supermarkt>Groenten>Pot en blik,,,administrator|daycare|superdaycare,guest|editor|author|contributor|subscriber|customer|shop_manager|wpseo_manager|wpseo_editor|parent|staff|parent_extra|translator,21vat,taxable,,,,,
1239,0,888,nl,Huisvuilzakken 10st,"<p>Product: Huisvuilzakken Limburg.net</p>
<p>Formaat: 10st</p>",huisvuilzakken-10st,10331,,instock,,color|kleur|kleuren|kleurwas|persil|persil color|vloeibaar wasmiddel|was|wassen,Supermarkt>Onderhoud,,,administrator|daycare|superdaycare,guest|editor|author|contributor|subscriber|customer|shop_manager|wpseo_manager|wpseo_editor|parent|staff|parent_extra|translator,21vat,taxable,,,,,
1241,0,889,nl,Koffiefilter 100st,"<p>Product: Koffiefilter nr. 4<br />
Formaat: 100st</p>",koffiefilter-100st,372,,instock,,koffie|koffiepads|pads,Supermarkt>Dranken,,,administrator|daycare|superdaycare,guest|editor|author|contributor|subscriber|parent|staff,21vat,taxable,,,,,
1271,0,900,nl,Porto,,porto,37050,,instock,,,Uncategorized,,,parent,,21vat,taxable,,,,,
,,,,Watermeloen,new,,,,,,,,,,,,,,,,,,
,,,,Ijs Alpro Soya vanille 500ml,new,,,,,,,,,,,,,,,,,,
,,,,Zeezout 85g,new,,,,,,,,,,,,,,,,,,
,,,,Peper (mixed pepper selection 35g),new,,,,,,,,,,,,,,,,,,
,,,,Verse kaas met chocolade 300g,new,,,,,,,,,,,,,,,,,,
,,,,Koekjesmeel Nestle Iron+ 4-6m 800g,new,,,,,,,,,,,,,,,,,,
,,,,Chocopasta Fondant Boerinneke 400g,new,,,,,,,,,,,,,,,,,,
,,,,Soja dessert vanille Alpro Soya 4x125g,new,,,,,,,,,,,,,,,,,,
,,,,Plantaardige margarine 250g,new,,,,,,,,,,,,,,,,,,
,,,,Boudoirs 400g,new,,,,,,,,,,,,,,,,,,
,,,,Halfvolle melk 50cl,new,,,,,,,,,,,,,,,,,,
,,,,Vuilzak wit 25l,new,,,,,,,,,,,,,,,,,,
,,,,Abrikozenconfituur 450g,new,,,,,,,,,,,,,,,,,,
,,,,Chocopasta fondant Kwatta 600g,new,,,,,,,,,,,,,,,,,,
,,,,Speculoospasta 750g Lotus,new,,,,,,,,,,,,,,,,,,
,,,,Nic Nac 500g,new,,,,,,,,,,,,,,,,,,
,,,,Cent wafers huismerk 190g,new,,,,,,,,,,,,,,,,,,
,,,,Choco as 250g,new,,,,,,,,,,,,,,,,,,
,,,,Prince vanille LU 300g,new,,,,,,,,,,,,,,,,,,
,,,,Puddingpoeder vanille Imperial 50gx7,new,,,,,,,,,,,,,,,,,,
,,,,Waspoeder Bonux 3 in 1 violet 76d 4.94 kg,new,,,,,,,,,,,,,,,,,,
,,,,wc blokjes 55mlx3,new,,,,,,,,,,,,,,,,,,
,,,,wc gel javel Harpic 750ml,new,,,,,,,,,,,,,,,,,,
,,,,Wasgel zeepvrij Zwitsal 400ml,new,,,,,,,,,,,,,,,,,,
,,,,Babyvoeding boon-rund-aardappel +8m 2x200g Olvarit,new,,,,,,,,,,,,,,,,,,
,,,,Babyvoeding kip-wortel-aardappel +8m 2x200g Olvarit,new,,,,,,,,,,,,,,,,,,
,,,,Babyvoeding stoofpot rund wortel +6m 2x200g Olvarit,new,,,,,,,,,,,,,,,,,,
,,,,Babyvoeding pompoen-wortel-kip +6m 2x200g Olvarit,new,,,,,,,,,,,,,,,,,,
,,,,Vaatwastabletten alles in 1 Sun,new,,,,,,,,,,,,,,,,,,
,,,,Halfvolle chocolademelk 1l,new,,,,,,,,,,,,,,,,,,
,,,,"Alcoholazijn 7% 1,5l",new,,,,,,,,,,,,,,,,,,
,,,,Gemalen koffie Graindor DECA 500g,new,,,,,,,,,,,,,,,,,,
,,,,Handdoekjes ZZ grijs 250st Tork,new,,,,,,,,,,,,,,,,,,
,,,,Gevulde paaseitjes 1kg,new,,,,,,,,,,,,,,,,,,
,,,,Handschoenen latex maat L wit 100st,new,,,,,,,,,,,,,,,,,,